AGE,GENDER,CIVIL STATUS,NO DEPENDANTS,MOP,PORTFOLIO AT RISK,CYCLES,CURT/PDNP,BRANCH,YEARS BUS,HOME,YEARS HOME,CF TO LOAN,COLL TO LOAN,INDUSTRY,BUSINESS
22,FEMALE,SINGLE,5,WALK-IN,,1,CURT,PASIG,7.0,RENTED,7.0,1.45,2.693,RETAIL,MOTORCYCLE PARTS
53,FEMALE,SINGLE,1,PDC,,1,CURT,PASIG,9.0,RENTED,10.0,3.61,0.914,RETAIL,BUKO STAND
39,MALE,SINGLE,3,PDC,1.00,1,PDNP,PASIG,7.0,RENTED,7.0,1.0,,WHOLESALE/RETAIL,BIGASAN
53,FEMALE,MARRIED,1,WALK-IN,1.00,2,PDNP,PASIG,3.0,OWNED,46.0,1.12,0.4,SERVICES,CARINDERIA
27,FEMALE,MARRIED,2,WALK-IN,1.00,2,PDNP,PASIG,2.0,RENTED,0.166666667,1.2,,RESTAURANT/RETAIL,SARI-SARI STORE/CARINDERIA
49,FEMALE,SEPARATED,5,WALK-IN,1.00,3,PDNP,PASIG,6.0,SHARED/BORROWED,7.0,1.84,,RESTAURANT/RETAIL,SARI-SARI STORE/CARINDERIA
52,FEMALE,MARRIED,3,PDC,1.00,2,PDNP,PASIG,4.0,RENTED,6.0,1.92,1.2,WHOLESALE/RETAIL,DISTRIBUTOR OF NESTLE PRODUCTS
39,FEMALE,MARRIED,5,WALK-IN,1.00,2,PDNP,PASIG,6.0,OWNED,30.0,1.01,,RESTAURANT/RETAIL,TAPSIHAN/MEAT SHOP
52,FEMALE,MARRIED,5,WALK-IN,1.00,2,PDNP,PASIG,12.0,RENTED,12.0,3.52,1.795,SERVICES,"T-shirt, Digital printing, personalized etc."
39,FEMALE,SINGLE,3,WALK-IN,1.00,7,PDNP,PASIG,3.0,SHARED/BORROWED,34.0,3.19,,SERVICES,SPA
46,FEMALE,MARRIED,3,PDC,"27,442.88",11,PDNP,PASIG,11.0,SHARED/BORROWED,5.0,5.03,1.614,SERVICES,WATCH REPAIR/BUY&SELL
61,FEMALE,MARRIED,3,WALK-IN,"12,577.03",5,PDNP,PASIG,5.0,SHARED/BORROWED,30.0,1.91,0.659,RESTAURANT/RETAIL,SARI-SARI STORE/CARINDERIA
42,MALE,MARRIED,2,PDC,1.00,2,PDNP,PASIG,3.0,RENTED,3.0,1.06,,SERVICES,COMPUTER SHOP
49,FEMALE,SEPARATED,1,WALK-IN,1.00,10,PDNP,PASIG,6.0,SHARED/BORROWED,6.0,1.17,,RETAIL,PHARMACY
35,MALE,SINGLE,5,WALK-IN,1.00,1,PDNP,PASIG,3.0,SHARED/BORROWED,10.0,1.02,,SERVICES,CARINDERIA
52,FEMALE,MARRIED,3,WALK-IN,1.00,1,PDNP,PASIG,1.0,RENTED,16.0,1.81,,SERVICES,CANTEEN
42,FEMALE,MARRIED,3,WALK-IN,1.00,8,PDNP,PASIG,6.0,RENTED,3.0,2.01,,SERVICES,CARINDERIA
42,FEMALE,MARRIED,5,WALK-IN,1.00,4,PDNP,PASIG,15.0,SHARED/BORROWED,15.0,2.2,2.26,SERVICES,AUTO REPAIR SHOP
54,FEMALE,SEPARATED,3,PDC,1.00,2,PDNP,PASIG,11.0,RENTED,11.0,1.27,,RETAIL,FRUITS RETAIL
43,FEMALE,SINGLE,2,WALK-IN,1.00,1,PDNP,SMB,7.0,SHARED/BORROWED,20.0,1.15,,SERVICES,WATER REFILLING STATION
30,MALE,MARRIED,2,WALK-IN,1.00,3,PDNP,SMB,3.0,OWNED,3.0,3.12,0.722,RETAIL,HARDWARE
42,FEMALE,SINGLE,1,PDC,1.00,7,PDNP,PASIG,13.0,SHARED/BORROWED,17.0,1.37,0.126,RETAIL,RTW
54,FEMALE,MARRIED,3,WALK-IN,"66,497.83",14,PDNP,PASIG,10.0,OWNED,19.0,2.63,3.333,RETAIL,MINI GROCERY
41,FEMALE,MARRIED,3,PDC,100.00,6,PDNP,PASIG,5.0,OWNED,9.0,2.04,0.353,RETAIL/SERVICES,SARI-SARI STORE/EATERY
45,FEMALE,MARRIED,4,WALK-IN,1.00,3,PDNP,PASIG,4.0,RENTED,4.0,1.43,,SERVICES,CARINDERIA
60,MALE,MARRIED,4,PDC,1.00,6,PDNP,PASIG,15.0,RENTED,15.0,1.41,0.188,RETAIL,FRUITS RETAIL
49,FEMALE,WIDOW,3,PDC,1.00,4,PDNP,PASIG,15.0,SHARED/BORROWED,15.0,5.67,,RETAIL,BANANA RETAIL
51,FEMALE,MARRIED,2,WALK-IN,1.00,11,PDNP,PASIG,10.0,RENTED,10.0,2.76,0.564,MANUFACTURING,PUTO MAKER
42,FEMALE,MARRIED,6,WALK-IN,"12,064.97",8,PDNP,PASIG,5.0,OWNED,14.0,2.42,11.4,RETAIL,CHICKEN RETAILER
46,FEMALE,MARRIED,2,WALK-IN,1.00,2,PDNP,PASIG,17.0,OWNED,10.0,2.39,2.5,RETAIL,GENERAL MERCHANDISE
37,MALE,MARRIED,2,PDC,"10,525.29",2,PDNP,PASIG,8.0,RENTED,8.0,1.59,0.667,SERVICES,CONSTRUCTION
42,FEMALE,WIDOW,2,WALK-IN,1.00,1,PDNP,PASIG,15.0,RENTED,4.0,1.73,0.856,MANUFACTURING,SUMAN MAKER
38,FEMALE,MARRIED,3,WALK-IN,"8,543.31",1,PDNP,PASIG,9.0,OWNED,20.0,1.75,0.486,RETAIL,GLASSWARE/PLASTIC WARE
51,FEMALE,MARRIED,4,WALK-IN,1.00,2,PDNP,PASIG,3.0,SHARED/BORROWED,26.0,1.3,,SERVICES,CARINDERIA
55,MALE,SINGLE,5,PDC,"63,803.83",1,PDNP,PASIG,10.0,RENTED,12.0,1.53,0.535,SERVICES,BARBERSHOP
49,FEMALE,SINGLE,4,WALK-IN,1.00,4,PDNP,PASIG,4.0,SHARED/BORROWED,4.0,1.69,,RETAIL,MEAT SHOP
48,FEMALE,MARRIED,2,WALK-IN,"4,304.56",1,PDNP,PASIG,22.0,OWNED,25.0,3.66,1.204,RETAIL,FISH RETAIL
30,FEMALE,SINGLE,2,WALK-IN,1.00,2,PDNP,PASIG,3.0,RENTED,3.0,3.0,,SERVICES,JUNK SHOP
48,FEMALE,SEPARATED,1,WALK-IN,"8,611.39",2,PDNP,PASIG,15.0,OWNED,18.0,1.28,0.779,RETAIL,GLASSWARE/PLASTIC WARE
39,FEMALE,MARRIED,3,WALK-IN,"1,916.26",5,PDNP,PASIG,17.0,RENTED,9.0,2.14,1.75,RETAIL,BAG & SHOES RETAIL
37,FEMALE,SINGLE,4,WALK-IN,1.00,5,PDNP,PASIG,6.0,OWNED,16.0,1.45,0.6729999999999999,RETAIL,MINI GROCERY
31,FEMALE,SINGLE,2,PDC,1.00,5,PDNP,PASIG,15.0,SHARED/BORROWED,10.0,1.03,0.385,RETAIL,RTW
48,FEMALE,MARRIED,3,WALK-IN,"8,651.46",1,PDNP,PASIG,15.0,RENTED,3.0,3.1,1.2429999999999999,RETAIL,RTW
53,FEMALE,MARRIED,4,PDC,1.00,3,PDNP,PASIG,3.0,OWNED,30.0,3.44,16.804000000000002,WHOLESALE/RETAIL,GENERAL MERCHANDISE
61,FEMALE,SEPARATED,1,PDC,1.00,2,PDNP,PASIG,4.0,OWNED,25.0,5.3,1.3459999999999999,RETAIL,SARI SARI STORE
35,FEMALE,SINGLE,2,WALK-IN,"51,079.09",3,PDNP,PASIG,5.0,RENTED,11.0,1.58,0.516,RETAIL,RTW
40,MALE,SINGLE,2,WALK-IN,1.00,1,PDNP,ANB,2.0,SHARED/BORROWED,38.0,1.0,,SERVICES,BAKERY
41,FEMALE,SINGLE,5,AUTO-DEBIT,1.00,1,PDNP,ANB,15.0,OWNED,15.0,1.71,,SERVICES,BARBEQUE/EVENTS ORGANIZER
50,FEMALE,MARRIED,2,WALK-IN,1.00,1,PDNP,ANB,8.0,OWNED,10.0,1.08,1.371,RETAIL,FRUITS RETAIL
37,MALE,MARRIED,2,COLLECTION,1.00,7,PDNP,ANB,4.0,RENTED,8.0,5.68,,RETAIL,GENERAL MERCHANDISE
48,FEMALE,SINGLE,0,WALK-IN,1.00,1,PDNP,ANB,1.0,RENTED,3.0,1.45,,RETAIL,GENERAL MERCHANDISE
52,FEMALE,MARRIED,4,WALK-IN,1.00,4,PDNP,ANB,7.0,OWNED,11.0,2.54,,SERVICES,CARINDERIA
51,FEMALE,MARRIED,3,WALK-IN,1.00,1,PDNP,ANB,3.0,OWNED,3.0,5.11,,RETAIL,SARI SARI STORE
56,MALE,SINGLE,4,WALK-IN,1.00,1,PDNP,ANB,3.0,RENTED,3.0,1.74,0.898,WHOLESALE/RETAIL,MEAT SHOP
63,FEMALE,WIDOW,2,WALK-IN,1.00,1,PDNP,PASIG,11.0,RENTED,5.0,1.38,,RETAIL,FRUITS RETAIL
42,FEMALE,MARRIED,5,PDC,1.00,3,PDNP,SMB,4.0,RENTED,5.0,2.27,0.6459999999999999,SERVICES,TRAVEL AGENCY
36,FEMALE,MARRIED,2,PDC,1.00,7,PDNP,SMB,2.0,OWNED,3.0,3.66,0.871,WHOLESALE/RETAIL,SARI SARI STORE
46,FEMALE,MARRIED,5,WALK-IN,1.00,3,PDNP,SMB,13.0,OWNED,13.0,1.87,,SERVICES,CARINDERIA
55,FEMALE,MARRIED,4,WALK-IN,1.00,3,PDNP,SMB,25.0,OWNED,38.0,1.84,,SERVICES,SMOKED FISH
38,FEMALE,MARRIED,3,WALK-IN,1.00,3,PDNP,SMB,3.0,RENTED,7.0,2.0,,SERVICES,JUNK SHOP
32,FEMALE,MARRIED,3,WALK-IN,1.00,3,PDNP,SMB,8.0,SHARED/BORROWED,8.0,1.41,,SERVICES/RETAIL,CARINDERIA/SARI SARI STORE
43,FEMALE,MARRIED,4,WALK-IN,1.00,2,PDNP,PASIG,8.0,SHARED/BORROWED,6.0,1.46,,SERVICES/RETAIL,CARINDERIA/RTW
42,MALE,MARRIED,2,WALK-IN,"44,932.98",2,PDNP,PASIG,4.0,RENTED,10.0,1.21,1.0,RETAIL,UKAY UKAY ROLLING STORE
51,MALE,MARRIED,3,WALK-IN,919.64,1,PDNP,PASIG,15.0,SHARED/BORROWED,44.0,1.36,1.0,RETAIL,GENERAL MERCHANDISE
37,FEMALE,MARRIED,3,WALK-IN,"70,633.27",7,PDNP,PASIG,7.0,RENTED,2.0,1.35,0.152,RETAIL,FROZEN GOODS
40,FEMALE,SEPARATED,2,WALK-IN,1.00,2,PDNP,PASIG,6.0,RENTED,21.0,1.05,0.6,SERVICES,CARINDERIA
54,FEMALE,MARRIED,1,WALK-IN,1.00,8,PDNP,PASIG,7.0,OWNED,10.0,1.02,,RETAIL,SARI SARI STORE
45,FEMALE,MARRIED,5,WALK-IN,1.00,2,PDNP,PASIG,15.0,RENTED,15.0,1.87,,RETAIL,FRUITS RETAIL
45,FEMALE,MARRIED,5,WALK-IN,1.00,2,PDNP,PASIG,13.0,OWNED,15.0,1.09,3.36,RETAIL,FISH RETAIL
48,FEMALE,MARRIED,4,WALK-IN,"33,138.74",24,PDNP,PASIG,7.0,RENTED,11.0,1.28,0.47,WHOLESALE/RETAIL,ULING
51,FEMALE,SEPARATED,3,WALK-IN,1.00,1,PDNP,PASIG,15.0,SHARED/BORROWED,8.0,1.19,0.975,RETAIL,FISH RETAIL
42,MALE,MARRIED,3,PDC,"33,014.93",5,PDNP,PASIG,2.0,OWNED,5.0,1.08,0.8270000000000001,RETAIL,PHARMACY
51,FEMALE,MARRIED,4,WALK-IN,1.00,3,PDNP,PASIG,6.0,SHARED/BORROWED,11.0,5.91,,WHOLESALE/RETAIL,ULING
48,FEMALE,MARRIED,4,WALK-IN,"3,603.23",2,PDNP,PASIG,8.0,OWNED,25.0,1.26,0.932,RETAIL,SARI SARI STORE
51,FEMALE,MARRIED,5,WALK-IN,"13,074.50",13,PDNP,PASIG,20.0,RENTED,6.0,1.02,,RETAIL,MOTORCYCLE PARTS/SERVICES
45,FEMALE,MARRIED,4,PDC,1.00,4,PDNP,SMB,3.0,OWNED,8.0,1.06,,SERVICES,COMPUTER SHOP
32,FEMALE,MARRIED,4,PDC,1.00,4,PDNP,SMB,3.0,RENTED,4.0,1.86,,SERVICES,CAR WASH/COMPUTER SHOP
42,FEMALE,MARRIED,4,WALK-IN,1.00,2,PDNP,SMB,7.0,OWNED,15.0,1.75,1.115,MANUFACTURING/RETAIL,BAKERY/SARI SARI STORE
30,MALE,SINGLE,2,PDC,1.00,1,PDNP,SMB,2.0,SHARED/BORROWED,26.0,1.12,,RETAIL,GENERAL MERCHANDISE
50,MALE,SINGLE,0,WALK-IN,1.00,1,PDNP,ANB,1.0,OWNED,25.0,1.54,,SERVICES,CARINDERIA
40,FEMALE,MARRIED,3,PDC,1.00,1,PDNP,ANB,3.0,OWNED,4.0,1.06,1.425,SERVICES,LAUNDRY SHOP/WATER STATION
50,FEMALE,MARRIED,5,WALK-IN,1.00,2,PDNP,ANB,12.0,MORTGAGED,14.0,2.0,1.069,RETAIL,MEAT SHOP
60,MALE,MARRIED,2,WALK-IN,1.00,3,PDNP,ANB,7.0,OWNED,21.0,1.05,1.175,RETAIL,SARI SARI STORE
37,FEMALE,MARRIED,2,WALK-IN,1.00,1,PDNP,ANB,1.0,OWNED,33.0,2.71,3.72,SERVICES,CARINDERIA
39,FEMALE,SINGLE,3,WALK-IN,1.00,3,PDNP,ANB,3.0,OWNED,12.0,2.75,1.858,MANUFACTURING,GARMENTS
52,FEMALE,MARRIED,4,PDC,"69,305.51",13,PDNP,PASIG,17.0,RENTED,20.0,2.72,1.661,RETAIL,MEAT SHOP
55,FEMALE,MARRIED,3,PDC,"186,036.46",8,PDNP,PASIG,17.0,RENTED,20.0,1.92,1.15,RETAIL,MINI GROCERY
35,MALE,MARRIED,5,WALK-IN,"17,461.05",1,PDNP,PASIG,9.0,RENTED,9.0,1.8,1.033,SERVICES,JUNK SHOP
59,FEMALE,MARRIED,3,PDC,1.00,4,PDNP,PASIG,20.0,SHARED/BORROWED,30.0,1.49,0.8490000000000001,RETAIL,RTW
40,FEMALE,MARRIED,2,WALK-IN,"75,907.00",5,PDNP,PASIG,2.0,RENTED,7.0,2.99,1.508,SERVICES,PRINTING  SHOP & SUPPLIES DISTRIBUTION
58,FEMALE,MARRIED,3,PDC,1.00,5,PDNP,PASIG,3.0,RENTED,4.0,1.07,0.42,SERVICES,CARINDERIA
39,MALE,MARRIED,5,PDC,"24,983.21",1,PDNP,PASIG,6.0,OWNED,6.0,1.71,1.72,SERVICES,JUNK SHOP
37,FEMALE,SINGLE,3,PDC,"23,564.29",1,PDNP,PASIG,15.0,OWNED,14.0,1.16,0.9,SERVICES,JUNK SHOP
35,FEMALE,SINGLE,4,WALK-IN,"4,915.49",1,PDNP,PASIG,8.0,MORTGAGED,12.0,1.18,0.75,RETAIL,CHICKEN RETAILER
46,FEMALE,SEPARATED,2,PDC,1.00,2,PDNP,PASIG,15.0,OWNED,17.0,1.36,0.345,RETAIL,MINI GROCERY
46,MALE,MARRIED,3,PDC,1.00,4,PDNP,PASIG,10.0,OWNED,10.0,1.83,0.711,RETAIL/SERVICES,MINI GROCERY/SALON
46,MALE,MARRIED,4,PDC,"54,427.49",1,PDNP,PASIG,15.0,OWNED,5.0,1.84,1.183,RETAIL,GENERAL MERCHANDISE
40,FEMALE,MARRIED,4,PDC,"4,043.32",3,PDNP,PASIG,2.0,OWNED,20.0,2.06,1.1079999999999999,RETAIL,SARI SARI STORE
51,MALE,SINGLE,2,PDC,1.00,4,PDNP,PASIG,4.0,RENTED,4.0,1.12,1.04,RETAIL,PHARMACY
46,FEMALE,MARRIED,4,PDC,1.00,1,PDNP,PASIG,10.0,OWNED,42.0,1.22,1.75,SERVICES,CARINDERIA
44,FEMALE,SEPARATED,1,PDC,1.00,4,PDNP,PASIG,8.0,OWNED,8.0,4.46,2.88,RETAIL,PHARMACY
39,MALE,MARRIED,5,WALK-IN,1.00,8,PDNP,PASIG,7.0,OWNED,7.0,1.13,0.33,RETAIL,FISH RETAIL
43,FEMALE,SEPARATED,3,WALK-IN,"48,832.29",2,PDNP,PASIG,15.0,RENTED,6.0,1.69,0.603,WHOLESALE/RETAIL,KALAMANSI DEALER
33,FEMALE,MARRIED,4,PDC,"9,294.94",4,PDNP,PASIG,38.0,OWNED,31.0,3.57,0.401,WHOLESALE/RETAIL,GLASSWARE/PLASTIC WARE
36,FEMALE,MARRIED,3,PDC,"85,899.28",1,PDNP,PASIG,4.0,RENTED,5.0,1.3,1.0490000000000002,RETAIL,HARDWARE
37,FEMALE,MARRIED,3,WALK-IN,"12,448.24",8,PDNP,PASIG,20.0,RENTED,3.0,1.75,0.21,WHOLESALE/RETAIL,KALAMANSI DEALER
54,FEMALE,MARRIED,6,PDC,1.00,10,PDNP,PASIG,7.0,OWNED,20.0,1.07,0.75,WHOLESALE/RETAIL,SOFTDRINKS DEALER
22,MALE,SINGLE,2,PDC,1.00,3,PDNP,PASIG,5.0,SHARED/BORROWED,18.0,1.42,0.6,RETAIL,SOFTDRINKS DEALER
48,FEMALE,MARRIED,4,WALK-IN,"59,069.36",12,PDNP,PASIG,20.0,SHARED/BORROWED,20.0,2.5,,RETAIL,GLASSWARE/PLASTIC WARE
50,FEMALE,MARRIED,5,PDC,"52,360.34",13,PDNP,PASIG,14.0,RENTED,15.0,1.29,0.732,RETAIL,GLASSWARE/PLASTIC WARE
43,FEMALE,SEPARATED,2,PDC,"13,513.64",2,PDNP,PASIG,4.0,RENTED,5.0,1.21,0.909,RETAIL,FISH RETAIL
41,FEMALE,SINGLE,1,WALK-IN,"5,880.70",7,PDNP,PASIG,15.0,OWNED,24.0,1.63,0.573,SERVICES,CARINDERIA
52,MALE,MARRIED,6,PDC,1.00,4,PDNP,PASIG,19.0,OWNED,48.0,0.69,0.867,RETAIL,SHOES
46,FEMALE,SINGLE,2,PDC,"230,452.14",12,PDNP,PASIG,10.0,RENTED,6.0,2.09,,RETAIL,GLASSWARE/PLASTIC WARE
30,MALE,SINGLE,1,WALK-IN,"6,976.26",5,PDNP,PASIG,17.0,SHARED/BORROWED,17.0,1.38,0.65,MANUFACTURING/RETAIL,SARI SARI STORE/LONGGANISA MAKER
45,FEMALE,MARRIED,4,PDC,"49,445.42",8,PDNP,PASIG,12.0,MORTGAGED,7.0,2.41,1.1,SERVICES,DENTAL CLINIC
34,FEMALE,SINGLE,3,PDC,1.00,4,PDNP,PASIG,6.0,RENTED,2.0,1.43,1.5,SERVICES,SCRAPER
63,FEMALE,MARRIED,1,PDC,1.00,4,PDNP,PASIG,22.0,SHARED/BORROWED,37.0,1.08,0.426,MANUFACTURING,MANUFACTURING OF BABY CRIBS AND HIGH CHAIR
40,FEMALE,SINGLE,1,WALK-IN,1.00,3,PDNP,PASIG,2.0,RENTED,2.0,1.4,0.45,SERVICES,DENTAL CLINIC
47,FEMALE,SINGLE,1,WALK-IN,1.00,4,PDNP,PASIG,29.0,RENTED,30.0,1.23,1.246,RETAIL,VEGETABLE RETAIL
42,FEMALE,SINGLE,4,PDC,"77,843.68",5,PDNP,PASIG,7.0,RENTED,15.0,1.63,2.4619999999999997,SERVICES,"TRADING SCRAPS, HAULING SERVICES"
38,FEMALE,MARRIED,2,PDC,"29,055.97",6,PDNP,PASIG,2.0,MORTGAGED,7.0,1.47,0.747,SERVICES,SALON
57,FEMALE,MARRIED,3,WALK-IN,1.00,5,PDNP,PASIG,11.0,OWNED,22.0,1.68,0.75,RETAIL/SERVICES,RTW/COMPUTER SHOP
47,FEMALE,MARRIED,5,WALK-IN,1.00,2,PDNP,PASIG,14.0,SHARED/BORROWED,14.0,1.2,0.5710000000000001,MANUFACTURING/RETAIL,BAKERY/SARI SARI STORE
31,MALE,SINGLE,0,PDC,"4,257.49",4,PDNP,PASIG,2.0,RENTED,2.0,1.34,1.077,SERVICES,EATERY
52,FEMALE,MARRIED,3,WALK-IN,1.00,4,PDNP,PASIG,12.0,RENTED,2.0,1.27,0.563,SERVICES,EATERY
63,FEMALE,WIDOW,0,PDC,"56,909.45",7,PDNP,PASIG,12.0,OWNED,21.0,1.67,1.776,RETAIL,SCHOOL SUPPLIES
45,FEMALE,SINGLE,3,WALK-IN,1.00,1,PDNP,PASIG,5.0,SHARED/BORROWED,41.0,1.06,0.23800000000000002,SERVICES,EATERY
56,MALE,MARRIED,4,WALK-IN,"2,009.49",7,PDNP,PASIG,14.0,RENTED,6.0,2.3,1.867,MANUFACTURING,TAILORING
59,FEMALE,SEPARATED,2,WALK-IN,"17,900.04",1,PDNP,ANB,2.0,OWNED,37.0,1.42,3.7,SERVICES,EATERY
33,FEMALE,MARRIED,2,WALK-IN,"4,205.15",1,PDNP,ANB,5.0,SHARED/BORROWED,29.0,1.29,1.25,RETAIL,VEGETABLE RETAIL
48,FEMALE,SINGLE,1,WALK-IN,"6,912.78",1,PDNP,ANB,10.0,RENTED,15.0,1.16,0.975,RETAIL,FRUITS/VEGETABLES RETAIL
56,FEMALE,SINGLE,3,PDC,1.00,7,PDNP,ANB,3.0,RENTED,4.0,3.34,,RETAIL,HARDWARE
54,FEMALE,MARRIED,4,WALK-IN,"5,244.73",1,PDNP,ANB,28.0,OWNED,40.0,1.04,0.6,RETAIL,FISH RETAIL
55,FEMALE,WIDOW,1,PDC,1.00,1,PDNP,PASIG,4.0,OWNED,16.0,1.06,0.8,RETAIL,MINI GROCERY
27,MALE,SINGLE,0,PDC,,1,CURT,PASIG,5.0,OWNED,29.0,3.72,1.13,RETAIL,FISH RETAIL
49,MALE,SINGLE,1,WALK-IN,"18,224.17",1,PDNP,PASIG,7.0,RENTED,6.0,1.86,2.468,RETAIL,FISH RETAIL
36,FEMALE,MARRIED,3,WALK-IN,"36,457.96",8,PDNP,ANB,15.0,SHARED/BORROWED,35.0,1.01,0.40399999999999997,WHOLESALER,PASALUBONG
45,FEMALE,MARRIED,1,WALK-IN,959.22,3,PDNP,PASIG,28.0,OWNED,28.0,3.88,3.75,WHOLESALER,VEGEBLES
39,FEMALE,MARRIED,2,PDC,"12,034.65",6,PDNP,PASIG,2.0,OWNED,37.0,2.88,4.74,SERVICES,OPTICAL
23,FEMALE,SINGLE,2,WALK-IN,"3,623.51",4,PDNP,PASIG,5.0,SHARED/BORROWED,7.0,1.34,1.208,RETAIL,FISH RETAIL
45,MALE,MARRIED,3,WALK-IN,"6,250.90",2,PDNP,PASIG,2.0,SHARED/BORROWED,10.0,2.12,2.92,RETAIL,RTW
34,MALE,SINGLE,1,WALK-IN,"5,031.58",2,PDNP,PASIG,6.0,RENTED,3.0,2.39,0.631,RETAIL,VEGETABLE RETAIL
41,FEMALE,SINGLE,2,WALK-IN,1.00,1,PDNP,PASIG,5.0,SHARED/BORROWED,13.0,1.05,1.4269999999999998,RETAIL,SARI SARI STORE
47,MALE,MARRIED,3,WALK-IN,"20,364.64",3,PDNP,PASIG,8.0,SHARED/BORROWED,25.0,1.28,2.96,RETAIL,SCHOOL SUPPLIES
44,FEMALE,MARRIED,1,WALK-IN,"20,364.64",1,PDNP,PASIG,20.0,OWNED,27.0,1.98,1.399,SERVICES,CARINDERIA
40,FEMALE,MARRIED,6,WALK-IN,"17,281.92",14,PDNP,PASIG,10.0,RENTED,10.0,2.94,1.042,RETAIL,VEGETABLE RETAIL
50,FEMALE,MARRIED,4,PDC,"12,264.32",4,PDNP,PASIG,20.0,OWNED,27.0,1.23,0.639,RETAIL,MEAT SHOP
41,MALE,SINGLE,2,WALK-IN,"3,025.88",3,PDNP,PASIG,7.0,OWNED,7.0,1.97,0.733,RETAIL,GLASSWARE/PLASTIC WARE
24,MALE,SINGLE,1,WALK-IN,"22,806.73",1,PDNP,PASIG,5.0,SHARED/BORROWED,20.0,5.05,1.6669999999999998,RETAIL,VEGETABLE RETAIL
42,FEMALE,MARRIED,2,WALK-IN,1.00,2,PDNP,PASIG,10.0,SHARED/BORROWED,30.0,1.63,2.775,RETAIL,MINI GROCERY
43,FEMALE,MARRIED,3,WALK-IN,"13,020.72",2,PDNP,PASIG,10.0,RENTED,5.0,2.4,0.37,RETAIL,VEGETABLE RETAIL
50,FEMALE,MARRIED,2,WALK-IN,"2,858.27",3,PDNP,PASIG,19.0,RENTED,45.0,1.02,2.95,RETAIL,FISH RETAIL
27,FEMALE,MARRIED,5,PDC,"52,934.50",7,PDNP,PASIG,5.0,RENTED,26.0,1.22,0.5,RETAIL,MEAT SHOP
28,MALE,SINGLE,2,PDC,"67,882.20",6,PDNP,PASIG,7.0,OWNED,26.0,1.84,0.845,RETAIL,HOG ENTRAILS
48,FEMALE,SEPARATED,2,WALK-IN,"13,529.07",1,PDNP,PASIG,15.0,SHARED/BORROWED,45.0,1.65,1.0,RETAIL,GLASSWARE/PLASTIC WARE
62,FEMALE,WIDOW,1,WALK-IN,"83,624.71",10,PDNP,PASIG,37.0,OWNED,58.0,2.77,2.625,RETAIL,PASALUBONG DELICACIES
27,FEMALE,SINGLE,2,WALK-IN,"13,733.14",1,PDNP,PASIG,5.0,OWNED,21.0,1.65,2.57,RETAIL,TOYS/FOOTWEAR/ BAG RETAIL
55,FEMALE,MARRIED,3,PDC,"116,423.55",7,PDNP,PASIG,28.0,OWNED,31.0,2.22,0.7140000000000001,RETAIL,MEAT SHOP
50,FEMALE,WIDOW,3,WALK-IN,"17,281.92",1,PDNP,PASIG,13.0,OWNED,20.0,1.38,1.848,RETAIL,VEGETABLE RETAIL
53,MALE,MARRIED,4,PDC,"25,472.02",10,PDNP,PASIG,23.0,OWNED,23.0,1.83,0.667,WHOLESALER,SOFTDRINKS DEALER
48,FEMALE,MARRIED,1,WALK-IN,"3,819.55",6,PDNP,PASIG,12.0,RENTED,10.0,1.01,0.847,RETAIL,MEAT SHOP
40,FEMALE,MARRIED,3,WALK-IN,"6,280.87",3,PDNP,PASIG,7.0,RENTED,10.0,2.98,1.579,WHOLESALER,VEGETABLE
42,MALE,MARRIED,4,PDC,"15,696.38",2,PDNP,PASIG,8.0,OWNED,8.0,1.04,3.333,RETAIL,TIRE SUPPLY
45,FEMALE,SINGLE,3,WALK-IN,"30,169.56",1,PDNP,PASIG,3.0,OWNED,10.0,2.84,1.0,RETAIL,SCRAPER
56,MALE,MARRIED,2,WALK-IN,1.00,2,PDNP,PASIG,3.0,OWNED,8.0,1.62,5.04,RETAIL,SARI SARI STORE
42,FEMALE,SEPARATED,4,WALK-IN,"32,602.98",8,PDNP,PASIG,6.0,OWNED,26.0,1.36,3.333,RETAIL,TOYS/FOOTWEAR/ BAG RETAIL
42,FEMALE,MARRIED,2,WALK-IN,1.00,1,PDNP,PASIG,5.0,RENTED,6.0,1.35,2.175,MANUFACTURING,ICE CREAM MANUFACTURING
41,MALE,SINGLE,4,WALK-IN,1.00,4,PDNP,PASIG,15.0,RENTED,5.0,1.52,0.214,RETAIL,MEAT SHOP
35,FEMALE,MARRIED,4,WALK-IN,1.00,2,PDNP,PASIG,5.0,OWNED,11.0,1.35,2.5669999999999997,RETAIL,MEAT SHOP
52,FEMALE,WIDOW,2,WALK-IN,1.00,4,PDNP,PASIG,15.0,OWNED,47.0,1.34,5.5,RETAIL,MEAT SHOP
58,FEMALE,WIDOW,3,WALK-IN,1.00,2,PDNP,PASIG,29.0,RENTED,5.0,2.0,0.8029999999999999,RETAIL,MEAT SHOP
57,FEMALE,MARRIED,3,WALK-IN,1.00,2,PDNP,PASIG,13.0,RENTED,5.0,1.11,0.5820000000000001,RETAIL,VEGETABLE/FISH RETAIL
51,FEMALE,MARRIED,2,WALK-IN,"25,922.90",9,PDNP,PASIG,16.0,SHARED/BORROWED,35.0,1.29,0.196,MANUFACTURING,FRIED CHICKEN
54,FEMALE,SEPARATED,2,WALK-IN,1.00,2,PDNP,PASIG,5.0,RENTED,6.0,1.02,0.45799999999999996,RETAIL,SARI SARI STORE
29,FEMALE,MARRIED,2,WALK-IN,1.00,2,PDNP,ANB,6.0,RENTED,11.0,1.26,0.917,RETAIL,RTW
51,FEMALE,MARRIED,2,WALK-IN,1.00,3,PDNP,ANB,7.0,OWNED,48.0,2.16,2.6,RETAIL,SARI SARI STORE
38,FEMALE,MARRIED,5,PDC,"5,291.72",3,PDNP,ANB,10.0,OWNED,34.0,2.69,0.713,RETAIL,MEAT SHOP
55,FEMALE,SINGLE,3,WALK-IN,1.00,2,PDNP,ANB,3.0,SHARED/BORROWED,43.0,1.07,1.281,RETAIL,BAGS RETAIL
46,MALE,MARRIED,3,WALK-IN,1.00,3,PDNP,ANB,15.0,OWNED,15.0,1.11,0.368,RETAIL,SARI SARI STORE
53,FEMALE,MARRIED,3,WALK-IN,1.00,1,PDNP,SMB,16.0,OWNED,16.0,3.09,5.894,RETAIL,SARI SARI STORE
43,FEMALE,MARRIED,3,WALK-IN,1.00,1,PDNP,ANB,7.0,SHARED/BORROWED,28.0,1.09,29.56,SERVICES,WATER REFILLING STATION
49,FEMALE,SINGLE,2,WALK-IN,1.00,1,PDNP,ANB,1.0,RENTED,4.0,1.29,1.925,SERVICES,CARINDERIA
30,MALE,SINGLE,0,WALK-IN,"49,244.55",4,PDNP,PASIG,3.0,RENTED,3.0,3.38,3.1430000000000002,RETAIL,VEGETABLE RETAIL
38,FEMALE,MARRIED,3,PDC,"42,613.77",6,PDNP,PASIG,7.0,SHARED/BORROWED,10.0,1.32,0.298,RETAIL,SARI SARI STORE
43,FEMALE,MARRIED,4,PDC,"64,222.49",18,PDNP,PASIG,6.0,OWNED,14.0,1.41,1.31,RETAIL,MINI GROCERY
46,FEMALE,SINGLE,1,WALK-IN,1.00,5,PDNP,PASIG,14.0,RENTED,14.0,1.11,0.9470000000000001,RETAIL,SARI SARI STORE
40,FEMALE,SINGLE,1,WALK-IN,"28,231.88",5,PDNP,PASIG,2.0,OWNED,29.0,1.34,1.013,SERVICES,COMPUTER SHOP
40,MALE,MARRIED,2,PDC,1.00,1,PDNP,PASIG,9.0,RENTED,9.0,1.48,1.114,RETAIL,CAR ACCESSORIES
43,FEMALE,SINGLE,0,WALK-IN,"6,776.85",1,PDNP,PASIG,3.0,OWNED,11.0,1.26,1.383,MANUFACTURING,DRESS MAKING
47,FEMALE,MARRIED,4,PDC,"36,831.76",1,PDNP,PASIG,17.0,OWNED,17.0,2.9,3.75,RETAIL,CHICKEN RETAILER
35,FEMALE,SINGLE,1,PDC,1.00,5,PDNP,PASIG,7.0,OWNED,23.0,0.41,0.5489999999999999,RETAIL,CAR ACCESSORIES
50,MALE,MARRIED,1,PDC,"24,747.67",1,PDNP,PASIG,7.0,OWNED,15.0,1.28,0.94,RETAIL,SOAP MAKING
47,FEMALE,MARRIED,3,PDC,"39,442.95",1,PDNP,PASIG,12.0,OWNED,12.0,1.92,1.7180000000000002,RETAIL,UKAY-UKAY
35,FEMALE,MARRIED,0,PDC,1.00,3,PDNP,PASIG,10.0,SHARED/BORROWED,11.0,1.03,0.467,RETAIL,CELLPHONE ACCESSORIES RETAILER
49,FEMALE,SEPARATED,2,PDC,1.00,5,PDNP,PASIG,3.0,RENTED,9.0,1.36,0.5,RETAIL,ELECTRONICS
34,FEMALE,MARRIED,1,PDC,"14,155.35",3,PDNP,PASIG,7.0,RENTED,15.0,1.37,1.125,RETAIL,CELLPHONE ACCESSORIES RETAILER
27,FEMALE,MARRIED,1,WALK-IN,1.00,2,PDNP,PASIG,7.0,OWNED,21.0,1.07,0.536,RETAIL,CELLPHONE ACCESSORIES
48,FEMALE,SINGLE,3,WALK-IN,1.00,3,PDNP,PASIG,6.0,SHARED/BORROWED,15.0,1.09,0.174,RETAIL,RTW
50,FEMALE,MARRIED,0,PDC,"25,649.72",1,PDNP,PASIG,10.0,RENTED,3.0,0.93,1.1,RETAIL,ELECTRONICS ETC.
31,MALE,SINGLE,2,PDC,"100,240.50",8,PDNP,PASIG,4.0,OWNED,14.0,1.31,0.737,SERVICES,GLASS ETCHING
44,FEMALE,SEPARATED,0,WALK-IN,"33,941.10",4,PDNP,PASIG,1.0,RENTED,3.0,1.11,1.3,RETAIL,SARI SARI STORE
29,MALE,SINGLE,5,WALK-IN,"37,213.46",6,PDNP,PASIG,6.0,OWNED,16.0,2.04,2.3819999999999997,SERVICES,JUNK SHOP
47,FEMALE,MARRIED,3,WALK-IN,1.00,3,PDNP,PASIG,8.0,OWNED,9.0,1.05,1.006,SERVICES,JUNK SHOP
38,MALE,MARRIED,1,PDC,1.00,1,PDNP,SMB,5.0,OWNED,7.0,2.28,2.867,RETAIL,RTW
61,FEMALE,SEPARATED,0,WALK-IN,1.00,1,PDNP,PASIG,10.0,OWNED,10.0,1.07,6.667000000000001,RETAIL,RTW  BUY AND SALE
50,MALE,MARRIED,4,WALK-IN,"18,601.03",1,PDNP,PASIG,6.0,OWNED,6.0,1.34,1.683,RETAIL,RTW BUY AND SALE
41,MALE,SINGLE,0,WALK-IN,1.00,1,PDNP,PASIG,7.0,OWNED,7.0,1.04,6.667000000000001,RETAIL,BIKE SHOP
37,FEMALE,MARRIED,3,WALK-IN,"35,757.51",1,PDNP,PASIG,8.0,OWNED,16.0,1.48,5.0,RETAIL,TEXTILE RETAIL
42,MALE,MARRIED,4,PDC,1.00,1,PDNP,PASIG,3.0,OWNED,16.0,1.2,4.74,SERVICES,CARWASH / AUTO DETAILING
38,FEMALE,MARRIED,5,WALK-IN,1.00,2,PDNP,PASIG,3.0,RENTED,3.0,2.37,0.846,WHOLESALE/RETAIL,RICE DEALER
52,FEMALE,MARRIED,1,WALK-IN,1.00,1,PDNP,PASIG,7.0,OWNED,14.0,1.5,3.4130000000000003,WHOLESALE/RETAIL,SOFTDRINKS DEALER
62,MALE,SINGLE,1,WALK-IN,"10,298.42",1,PDNP,PASIG,4.0,SHARED/BORROWED,10.0,1.34,1.068,RETAIL,MEAT SHOP
47,MALE,MARRIED,5,WALK-IN,92.16,1,PDNP,PASIG,4.0,SHARED/BORROWED,29.0,1.08,1.429,RETAIL,MEAT AND VEGETABLE STORE
54,FEMALE,MARRIED,1,WALK-IN,,1,CURT,CAVITE,15.0,SHARED/BORROWED,54.0,1.96,0.8959999999999999,RETAIL,FRUITS AND VEGETABLES
42,FEMALE,MARRIED,3,WALK-IN,,1,CURT,CAVITE,5.0,MORTGAGED,11.0,1.22,0.85,WHOLESALE/RETAIL,VEGETABLE WHOLESALER/RETAIL
48,FEMALE,MARRIED,4,WALK-IN,,1,CURT,CAVITE,5.0,OWNED,25.0,1.89,1.6159999999999999,RETAIL,SARI SARI STORE
47,FEMALE,SEPARATED,2,WALK-IN,,1,CURT,CAVITE,4.0,OWNED,30.0,1.62,1.8330000000000002,MANUFACTURING,TAILORING
43,FEMALE,SEPARATED,2,WALK-IN,,1,CURT,CAVITE,12.0,OWNED,13.0,2.0,1.47,RETAIL,DRIED FISH
32,FEMALE,SINGLE,3,WALK-IN,,1,CURT,CAVITE,3.0,SHARED/BORROWED,15.0,2.83,1.082,RETAIL,VEGETABLE RETAIL
30,FEMALE,SINGLE,1,PDC,,1,CURT,CAVITE,3.0,RENTED,5.0,1.3,1.55,RETAIL,GENERAL MERCHANDISE
46,FEMALE,MARRIED,3,WALK-IN,"6,108.02",4,PDNP,PASIG,5.0,RENTED,11.0,1.7,1.192,RETAIL,RTW
47,MALE,MARRIED,3,PDC,,2,CURT,CAVITE,6.0,RENTED,5.0,1.13,3.088,RETAIL,GROCERY
41,FEMALE,MARRIED,2,PDC,,2,CURT,CAVITE,6.0,OWNED,9.0,1.38,0.878,RETAIL,GENERAL MERCHANDISE
44,FEMALE,MARRIED,2,PDC,,2,CURT,CAVITE,4.0,OWNED,14.0,1.53,1.915,SERVICES,TICKETING & TRAVEL/TOURS
54,FEMALE,MARRIED,3,WALK-IN,,4,CURT,CAVITE,6.0,MORTGAGED,16.0,1.11,0.635,SERVICES,CARINDERIA
39,MALE,MARRIED,0,PDC,"53,404.40",6,PDNP,PASIG,5.0,RENTED,4.0,1.19,0.47700000000000004,SERVICES,INDUSTRIAL SUPPLIES MARKETING
54,FEMALE,MARRIED,3,WALK-IN,"12,409.14",1,PDNP,CAVITE,6.0,MORTGAGED,16.0,1.48,0.847,SERVICES,CARINDERIA
39,FEMALE,MARRIED,0,PDC,,6,CURT,PASIG,5.0,RENTED,4.0,4.75,1.9080000000000001,SERVICES,INDUSTRIAL SUPPLIES MARKETING
33,MALE,MARRIED,1,PDC,,2,CURT,CAVITE,3.0,RENTED,3.0,1.73,1.847,PROCESSING,BAKERY
37,FEMALE,SEPARATED,2,PDC,"31,915.53",2,PDNP,CAVITE,4.0,RENTED,9.0,1.66,0.8540000000000001,RETAIL,VEGETABLE RETAIL
47,FEMALE,MARRIED,4,PDC,,1,CURT,CAVITE,20.0,SHARED/BORROWED,46.0,1.23,2.22,RETAIL,SARI SARI STORE
48,FEMALE,WIDOW,3,WALK-IN,"11,384.81",13,PDNP,PASIG,1.0,SHARED/BORROWED,45.0,1.02,0.434,RETAIL,SARI SARI STORE
47,FEMALE,WIDOW,3,WALK-IN,"8,038.14",2,PDNP,PASIG,2.0,OWNED,45.0,1.25,1.367,RETAIL,RTW
47,MALE,MARRIED,5,WALK-IN,,2,CURT,PASIG,7.0,OWNED,4.0,1.21,1.15,RETAIL,MEAT SHOP
39,FEMALE,MARRIED,1,PDC,,3,CURT,PASIG,10.0,OWNED,13.0,1.32,1.847,RETAIL,SARI-SARI STORE/
53,MALE,MARRIED,4,PDC,"36,122.57",1,PDNP,PASIG,1.0,RENTED,4.0,2.23,1.4580000000000002,SERVICES,RESTAURANT
42,FEMALE,MARRIED,3,WALK-IN,,1,CURT,CAVITE,20.0,MORTGAGED,6.0,1.75,0.8440000000000001,RETAIL,FRUITS AND VEGETABLES
28,FEMALE,SINGLE,1,WALK-IN,,1,CURT,PASIG,7.0,RENTED,10.0,1.14,1.2,RETAIL,SARI SARI STORE
37,FEMALE,SINGLE,1,WALK-IN,,1,CURT,PASIG,3.0,OWNED,12.0,1.37,1.067,SERVICES/RETAIL,CANTEEN & SARI-SARI STORE
28,FEMALE,SINGLE,1,WALK-IN,,2,CURT,CAVITE,6.0,RENTED,6.0,1.25,1.367,RETAIL,BIKE SHOP
38,MALE,MARRIED,3,WALK-IN,"14,490.98",1,PDNP,PASIG,4.0,SHARED/BORROWED,11.0,6.2,3.01,WHOLESALE/RETAIL,RICE DEALER
55,FEMALE,SINGLE,2,WALK-IN,,2,CURT,CAVITE,20.0,OWNED,27.0,2.05,0.9329999999999999,RETAIL,FRUIT VENDOR
29,FEMALE,MARRIED,0,PDC,,1,CURT,CAVITE,4.0,RENTED,4.0,2.69,1.983,MANUFACTURING,BAKERY
38,FEMALE,MARRIED,1,WALK-IN,,1,CURT,CAVITE,2.0,RENTED,4.0,1.23,1.2770000000000001,SERVICES,CARINDERIA
52,FEMALE,MARRIED,1,PDC,"58,049.91",1,PDNP,CAVITE,6.0,MORTGAGED,10.0,1.58,2.877,RETAIL,RTW
43,FEMALE,MARRIED,6,WALK-IN,"16,637.01",4,PDNP,PASIG,12.0,SHARED/BORROWED,39.0,1.04,1.6,RETAIL,SARI SARI STORE
49,FEMALE,SINGLE,1,WALK-IN,"2,628.04",3,PDNP,PASIG,6.0,RENTED,6.0,1.09,2.147,RETAIL,SARI SARI STORE
32,FEMALE,MARRIED,3,PDC,"17,402.53",1,PDNP,PASIG,7.0,RENTED,29.0,1.03,3.734,SERVICES,COMPUTER SHOP
36,FEMALE,SINGLE,3,WALK-IN,"2,071.04",1,PDNP,PASIG,20.0,OWNED,10.0,1.08,0.9470000000000001,RETAIL,SARI SARI STORE
42,MALE,SINGLE,0,WALK-IN,,2,CURT,CAVITE,10.0,MORTGAGED,17.0,1.53,3.5039999999999996,WHOLESALE/RETAIL,GROCERY
47,MALE,SINGLE,2,PDC,"13,432.36",1,PDNP,PASIG,8.0,OWNED,45.0,1.11,1.2,RETAIL,SARI SARI STORE
33,FEMALE,SEPARATED,0,PDC,,1,CURT,CAVITE,3.0,RENTED,7.0,1.37,6.8629999999999995,WHOLESALE/RETAIL,GROCERY
37,FEMALE,SINGLE,4,WALK-IN,"4,284.29",1,PDNP,PASIG,5.0,OWNED,6.0,1.1,1.136,RETAIL,SARI SARI STORE
31,FEMALE,SINGLE,2,WALK-IN,"14,354.43",2,PDNP,PASIG,6.0,RENTED,6.0,1.72,1.3119999999999998,SERVICES,JUNK SHOP
44,FEMALE,MARRIED,2,WALK-IN,"12,902.49",2,PDNP,PASIG,14.0,RENTED,14.0,1.19,0.586,RETAIL,PLASTIC WARE
47,FEMALE,MARRIED,5,WALK-IN,"12,538.93",3,PDNP,PASIG,16.0,RENTED,16.0,1.14,1.0090000000000001,MANUFACTURING,BAKESHOP
59,FEMALE,MARRIED,3,WALK-IN,"3,303.53",3,PDNP,PASIG,7.0,RENTED,7.0,1.16,0.9129999999999999,RETAIL,PLASTIC WARE
31,FEMALE,SINGLE,3,WALK-IN,"17,678.42",1,PDNP,PASIG,7.0,RENTED,7.0,2.34,2.359,MANUFACTURING,BAKERY
48,FEMALE,MARRIED,2,WALK-IN,"48,709.08",2,PDNP,PASIG,18.0,SHARED/BORROWED,45.0,0.4,0.259,RETAIL,MEAT SHOP
49,FEMALE,MARRIED,3,WALK-IN,,1,CURT,PASIG,13.0,OWNED,17.0,1.92,1.4409999999999998,SERVICES,JUNK SHOP
51,MALE,MARRIED,4,WALK-IN,,2,CURT,PASIG,10.0,RENTED,10.0,1.25,0.5870000000000001,MANUFACTURING,FURNITURE SHOP
46,MALE,MARRIED,2,WALK-IN,,4,CURT,PASIG,4.0,OWNED,16.0,0.94,1.083,RETAIL,SARI SARI STORE
50,FEMALE,MARRIED,3,WALK-IN,"3,509.17",3,PDNP,PASIG,12.0,OWNED,13.0,4.19,2.892,FOOD PROCESSING,CARINDERIA
41,FEMALE,SINGLE,1,WALK-IN,,1,CURT,PASIG,17.0,OWNED,17.0,1.61,1.665,RETAIL,LECHON MANOK
53,FEMALE,MARRIED,4,WALK-IN,,5,CURT,PASIG,3.0,OWNED,18.0,1.76,1.635,RETAIL,SCHOOL SUPPLIES
37,FEMALE,SINGLE,3,WALK-IN,,1,CURT,PASIG,4.0,RENTED,14.0,1.29,2.827,RETAIL,SCHOOL SUPPLIES
54,FEMALE,MARRIED,2,WALK-IN,,5,CURT,PASIG,3.0,OWNED,25.0,1.07,0.319,WHOLESALE/RETAIL,GROCERY
50,FEMALE,MARRIED,4,WALK-IN,"13,984.97",2,PDNP,PASIG,20.0,OWNED,20.0,1.24,0.9590000000000001,RETAIL,SARI SARI AND VEGETABLES
47,FEMALE,SINGLE,2,PDC,"62,798.45",1,PDNP,PASIG,10.0,OWNED,20.0,0.13,1.052,RETAIL,GOWNS RETAIL
43,MALE,MARRIED,5,PDC,"14,857.65",3,PDNP,PASIG,15.0,OWNED,10.0,1.22,0.636,SERVICES,EATERY
32,MALE,SINGLE,3,WALK-IN,,3,CURT,PASIG,6.0,RENTED,5.0,1.14,0.759,SERVICES,CHICKEN SKIN RETAILER
29,MALE,SINGLE,2,WALK-IN,,1,CURT,PASIG,2.0,OWNED,2.0,1.17,1.209,MANUFACTURING,HOLLOW BLOCKS MAKER
43,FEMALE,SINGLE,1,PDC,,9,CURT,PASIG,8.0,OWNED,10.0,0.57,1.3330000000000002,RETAIL,HARDWARE
27,FEMALE,SINGLE,2,WALK-IN,"14,034.61",1,PDNP,PASIG,2.0,RENTED,2.0,1.4,1.0390000000000001,WHOLESALE/RETAIL,EGG DEALER
38,FEMALE,MARRIED,1,WALK-IN,,1,CURT,PASIG,6.0,RENTED,11.0,1.2,0.496,RETAIL,GROCERY
28,MALE,SINGLE,0,PDC,"14,299.59",2,PDNP,PASIG,6.0,RENTED,12.0,1.62,0.602,SERVICES,CARINDERIA
58,FEMALE,SEPARATED,2,WALK-IN,,16,CURT,PASIG,22.0,SHARED/BORROWED,50.0,1.24,0.7,MANUFACTURING,GARMENTS
28,FEMALE,MARRIED,2,PDC,,1,CURT,PASIG,3.0,RENTED,5.0,0.79,1.554,SERVICES & RETAIL,ROOFING SUPLLY/INSTALLATION
35,FEMALE,MARRIED,2,WALK-IN,,1,CURT,PASIG,2.0,OWNED,4.0,1.97,3.912,RETAIL,GENERAL MERCHANDISE
43,MALE,SINGLE,2,WALK-IN,"7,000.43",1,PDNP,PASIG,8.0,OWNED,9.0,1.1,1.367,MANUFACTURING,WOOD SCRAP
49,FEMALE,SEPARATED,3,WALK-IN,,11,CURT,PASIG,10.0,RENTED,3.0,1.41,0.767,SERVICES,SALON
48,FEMALE,MARRIED,2,WALK-IN,,1,CURT,PASIG,18.0,OWNED,19.0,1.44,3.423,RETAIL,SCHOOL SUPPLIES
53,FEMALE,MARRIED,5,WALK-IN,,17,CURT,PASIG,20.0,OWNED,34.0,2.21,0.33799999999999997,SERVICES,EATERY
47,FEMALE,MARRIED,3,WALK-IN,"15,444.57",1,PDNP,PASIG,13.0,SHARED/BORROWED,30.0,1.05,0.8490000000000001,RETAIL,SARI SARI STORE
36,MALE,MARRIED,2,PDC,"53,278.59",3,PDNP,PASIG,10.0,RENTED,13.0,1.49,0.708,SERVICES,EATERY
56,FEMALE,MARRIED,3,WALK-IN,,1,CURT,PASIG,2.0,SHARED/BORROWED,30.0,1.2,2.4619999999999997,RETAIL,SCHOOL SUPPLIES
35,FEMALE,MARRIED,3,WALK-IN,,3,CURT,PASIG,8.0,OWNED,12.0,2.51,1.062,SERVICES,REPAIR SHOP
35,FEMALE,SINGLE,1,PDC,"188,282.93",5,PDNP,PASIG,10.0,RENTED,4.0,0.17,0.293,RETAIL,MINI GROCERY
36,FEMALE,SINGLE,2,WALK-IN,,2,CURT,PASIG,7.0,RENTED,7.0,1.46,0.6920000000000001,RETAIL,COCONUT AND VEGETABLE
38,FEMALE,MARRIED,2,WALK-IN,,9,CURT,PASIG,4.0,OWNED,14.0,1.07,0.81,SERVICES,JUNK SHOP
55,MALE,MARRIED,2,PDC,,2,CURT,PASIG,10.0,OWNED,26.0,1.51,1.2770000000000001,RETAIL,HARDWARE
28,MALE,SINGLE,5,PDC,,1,CURT,PASIG,3.0,SHARED/BORROWED,3.0,1.41,0.7609999999999999,MANUFACTURING,CRIB/WOOD MANUFACTURING
49,FEMALE,MARRIED,2,WALK-IN,"32,160.29",1,PDNP,ANB,9.0,OWNED,20.0,1.29,1.2890000000000001,RETAIL,RTW
47,FEMALE,MARRIED,2,WALK-IN,"14,060.59",1,PDNP,ANB,7.0,OWNED,20.0,1.56,2.1630000000000003,SERVICES,PRINTING AND PHOTOCOPYING SERVICES
52,FEMALE,MARRIED,3,WALK-IN,"12,230.06",1,PDNP,ANB,2.0,OWNED,20.0,2.11,1.964,SERVICES,CARINDERIA
44,MALE,MARRIED,3,WALK-IN,"12,123.99",1,PDNP,ANB,4.0,OWNED,20.0,1.12,0.669,RETAIL,RTW
59,FEMALE,SEPARATED,2,WALK-IN,425.53,1,PDNP,PASIG,6.0,OWNED,6.0,1.17,0.975,SERVICES,TAPSIHAN
34,FEMALE,MARRIED,3,WALK-IN,"3,925.70",1,PDNP,PASIG,4.0,OWNED,31.0,1.2,0.7709999999999999,SERVICES,CARINDERIA
40,MALE,MARRIED,4,WALK-IN,"20,613.79",4,PDNP,PASIG,4.0,RENTED,4.0,2.44,6.55,SERVICES,COMPUTER SHOP
24,FEMALE,MARRIED,2,WALK-IN,"45,830.14",1,PDNP,PASIG,5.0,OWNED,5.0,1.17,1.0,SERVICES,JUNK SHOP
54,MALE,MARRIED,4,WALK-IN,,5,CURT,PASIG,15.0,OWNED,26.0,1.43,0.9009999999999999,SERVICES,LUGAWAN
58,FEMALE,MARRIED,3,PDC,,14,CURT,PASIG,4.0,MORTGAGED,5.0,0.46,0.243,RETAIL,MINI GROCERY
39,FEMALE,MARRIED,1,WALK-IN,"14,646.06",1,PDNP,PASIG,8.0,OWNED,15.0,1.8,1.195,RETAIL,FISH VENDOR
52,FEMALE,MARRIED,4,WALK-IN,"20,466.77",2,PDNP,PASIG,16.0,OWNED,26.0,1.48,0.713,RETAIL,SARI SARI STORE
43,FEMALE,MARRIED,4,WALK-IN,,7,CURT,PASIG,6.0,RENTED,6.0,1.17,0.5,SERVICES,CARINDERIA
39,FEMALE,WIDOW,0,WALK-IN,"63,759.34",1,PDNP,PASIG,7.0,OWNED,7.0,1.2,0.5,RETAIL,RTW
45,MALE,SINGLE,0,WALK-IN,,1,CURT,PASIG,6.0,OWNED,14.0,1.13,0.943,MANUFACTURING & RETAIL,BAKERY & POULTRY SUPPLY
29,MALE,SINGLE,0,PDC,"91,917.71",4,PDNP,PASIG,5.0,RENTED,5.0,1.49,0.36,RETAIL,POULTRY SUPPLIES
31,FEMALE,SINGLE,2,WALK-IN,,2,CURT,PASIG,6.0,OWNED,6.0,1.7,2.728,RETAIL,MOTOR ACCESSORIES
38,FEMALE,MARRIED,2,WALK-IN,"27,152.86",2,PDNP,PASIG,2.0,OWNED,15.0,3.16,1.3980000000000001,RETAIL,Scrap Soap Maker
54,FEMALE,SINGLE,2,WALK-IN,"5,247.95",1,PDNP,PASIG,10.0,OWNED,10.0,4.03,1.43,RETAIL,MEAT SHOP
47,MALE,SEPARATED,1,WALK-IN,,2,CURT,PASIG,2.0,SHARED/BORROWED,25.0,1.32,1.442,RETAIL,SARI SARI STORE
50,FEMALE,SINGLE,3,PDC,"23,153.98",2,PDNP,PASIG,8.0,OWNED,20.0,2.36,4.303,MANUFACTURING,BAKERY
36,MALE,SINGLE,4,WALK-IN,,5,CURT,PASIG,4.0,RENTED,8.0,2.06,1.133,PROCESSING,FRIED CHICKEN
36,MALE,SINGLE,2,WALK-IN,"23,369.31",3,PDNP,PASIG,7.0,OWNED,7.0,1.09,1.1,RETAIL,FISH RETAILER
31,FEMALE,SINGLE,0,WALK-IN,"12,810.47",1,PDNP,PASIG,5.0,RENTED,7.0,1.12,1.08,RETAIL,GENERAL MERCHANDISE
42,MALE,MARRIED,2,WALK-IN,,2,CURT,PASIG,6.0,OWNED,19.0,1.73,1.2,SERVICES/RETAIL,SEWING MACHINE REPAIR BUY & SELL
40,MALE,MARRIED,4,PDC,,4,CURT,PASIG,7.0,OWNED,4.0,1.28,1.4240000000000002,WHOLESALE/RETAIL,TONER DISTRIBUTOR
39,FEMALE,MARRIED,2,PDC,"51,302.32",3,PDNP,PASIG,8.0,OWNED,16.0,1.71,0.674,RETAIL,DIRECT SELLING
32,MALE,MARRIED,4,PDC,,5,CURT,PASIG,3.0,RENTED,9.0,1.75,0.39399999999999996,RETAIL,FOOTWEAR & CELLPHONE ACCESSORIES
26,FEMALE,MARRIED,2,WALK-IN,,3,CURT,PASIG,3.0,RENTED,4.0,0.92,0.7509999999999999,SERVICES,PET GROOMING
23,MALE,SINGLE,0,WALK-IN,,2,CURT,PASIG,3.0,RENTED,6.0,3.4,3.36,SERVICES,PET GROOMING
28,FEMALE,SINGLE,0,WALK-IN,,4,CURT,PASIG,5.0,RENTED,7.0,1.33,4.387,SERVICES,PET GROOMING
48,FEMALE,WIDOW,0,WALK-IN,,2,CURT,PASIG,6.0,RENTED,6.0,1.98,2.6689999999999996,SERVICES,PET GROOMING
34,MALE,MARRIED,4,WALK-IN,,3,CURT,PASIG,15.0,OWNED,18.0,3.13,2.467,RETAIL/SERVICES,FISH RETAIL/COMPUTER SHOP
50,FEMALE,MARRIED,1,WALK-IN,,1,CURT,PASIG,8.0,OWNED,24.0,0.58,0.69,SERVICES/RENTAL,LEARNING CENTER/HOUSE RENTAL
37,FEMALE,MARRIED,1,WALK-IN,,3,CURT,PASIG,7.0,RENTED,7.0,3.0,1.163,WHOLESALE/RETAIL,Buy & Sell
35,FEMALE,MARRIED,2,WALK-IN,,1,CURT,PASIG,4.0,OWNED,13.0,1.66,1.133,RETAIL,SARI SARI STORE
46,FEMALE,MARRIED,1,WALK-IN,,2,CURT,PASIG,6.0,OWNED,12.0,1.49,1.148,RETAIL/SERVICES,GROCERY/HOUSE RENTAL
31,MALE,MARRIED,3,WALK-IN,,1,CURT,PASIG,5.0,RENTED,10.0,2.52,2.02,SERVICES,CARINDERIA/CANTEEN
37,FEMALE,SINGLE,0,PDC,,8,CURT,PASIG,7.0,OWNED,7.0,1.52,1.3330000000000002,RETAIL/TRADING,PAINT CENTER
36,FEMALE,MARRIED,4,WALK-IN,,1,CURT,PASIG,3.0,RENTED,3.0,2.67,1.7,RETAIL,MOTOR ACCESSORIES
53,FEMALE,MARRIED,1,WALK-IN,"30,000.00",4,PDNP,PASIG,2.0,OWNED,10.0,1.19,1.08,RETAIL,SARI-SARI STORE (GEN. MERCHANDISE)
42,FEMALE,MARRIED,5,PDC,"55,442.03",2,PDNP,PASIG,10.0,OWNED,15.0,1.5,0.769,RETAIL,DIRECT SELLING
39,FEMALE,MARRIED,3,WALK-IN,,2,CURT,PASIG,5.0,OWNED,15.0,1.29,1.568,RETAIL,SOFDRINKS DEALER
33,FEMALE,MARRIED,1,WALK-IN,"34,711.64",3,PDNP,PASIG,3.0,RENTED,2.0,1.93,2.044,SERVICES,XEROX AND PRINTING
35,MALE,MARRIED,3,PDC,,1,CURT,PASIG,7.0,RENTED,7.0,1.22,0.856,SERVICES,REPAIR SHOP
34,FEMALE,SINGLE,5,PDC,,4,CURT,PASIG,6.0,RENTED,2.0,0.5,0.382,RETAIL,GENERAL MERCHANDISE
34,FEMALE,MARRIED,2,PDC,"72,952.03",8,PDNP,PASIG,6.0,RENTED,10.0,3.28,1.061,RETAIL,RTW
51,FEMALE,MARRIED,1,WALK-IN,"13,607.96",2,PDNP,PASIG,16.0,OWNED,16.0,5.86,7.666,RETAIL,UKAY UKAY ROLLING STORE
41,FEMALE,WIDOW,2,PDC,"53,457.21",1,PDNP,PASIG,7.0,OWNED,7.0,1.3,0.516,MANUFACTURING,GARMENTS
43,FEMALE,MARRIED,3,WALK-IN,,1,CURT,PASIG,10.0,RENTED,10.0,1.25,1.3530000000000002,SERVICES,LEARNING CENTER
55,FEMALE,MARRIED,1,PDC,,6,CURT,PASIG,7.5,RENTED,7.5,1.12,0.249,RETAIL,Footwear
31,FEMALE,MARRIED,4,WALK-IN,,1,CURT,PASIG,8.0,RENTED,6.0,2.13,1.413,RETAIL,FISH VENDOR
55,FEMALE,MARRIED,2,WALK-IN,,7,CURT,PASIG,3.0,OWNED,20.0,1.26,0.41700000000000004,RETAIL,Fish and Egg Vendor
41,MALE,MARRIED,3,WALK-IN,,2,CURT,PASIG,7.0,OWNED,6.0,1.12,1.15,SERVICES,Fried Chicken Vendor
45,FEMALE,MARRIED,2,PDC,,1,CURT,PASIG,4.0,SHARED/BORROWED,44.0,1.94,0.581,MANUFACTURING,GARMENTS
38,FEMALE,MARRIED,3,WALK-IN,"3,830.60",1,PDNP,PASIG,6.0,OWNED,16.0,1.41,0.7,RETAIL,SARI SARI STORE
25,FEMALE,SINGLE,0,WALK-IN,"36,640.70",1,PDNP,PASIG,3.0,OWNED,3.0,1.3,0.8,RETAIL,GENERAL MERCHANDISE
46,FEMALE,WIDOW,4,WALK-IN,"5,813.50",2,PDNP,PASIG,18.0,OWNED,20.0,6.94,13.004000000000001,RETAIL,SARI SARI STORE
36,MALE,SINGLE,0,WALK-IN,,1,CURT,PASIG,5.0,RENTED,7.0,1.26,2.867,WHOLESALE/RETAIL,GENERAL MERCHANDISE
42,FEMALE,MARRIED,2,PDC,,26,CURT,PASIG,4.0,RENTED,4.0,1.58,0.833,WHOLESALE/RETAIL,SOFTDRINKS DEALER
43,FEMALE,MARRIED,4,PDC,,5,CURT,PASIG,3.0,OWNED,24.0,1.61,0.848,MANUFACTURING,TAILORING
38,FEMALE,SINGLE,2,WALK-IN,"16,447.38",1,PDNP,PASIG,4.0,SHARED/BORROWED,17.0,1.96,3.963,SERVICES,COMPUTER SHOP
52,FEMALE,WIDOW,1,WALK-IN,"7,440.53",1,PDNP,PASIG,15.0,OWNED,15.0,1.28,0.5479999999999999,RETAIL,SARI SARI STORE
54,FEMALE,MARRIED,1,WALK-IN,,1,CURT,PASIG,6.0,OWNED,24.0,1.32,1.932,RETAIL,GENERAL MERCHANDISE
37,FEMALE,SINGLE,2,PDC,,2,CURT,PASIG,5.0,RENTED,10.0,0.78,0.6859999999999999,RETAIL/WHOLESALE/TRADE,SOFTDRINKS DEALER/SARI-SARI STORE
50,MALE,MARRIED,5,WALK-IN,,8,CURT,PASIG,4.0,OWNED,11.0,1.66,0.6,RETAIL,GENERAL MERCHANDISE
55,MALE,MARRIED,1,PDC,,2,CURT,PASIG,14.0,OWNED,14.0,1.32,0.396,WHOLESALE/RETAIL,SOFTDRINKS DEALER
32,FEMALE,SINGLE,0,WALK-IN,"9,278.12",3,PDNP,PASIG,5.0,OWNED,30.0,1.29,1.1520000000000001,WHOLESALE/RETAIL,SOFTDRINKS DEALER
36,MALE,MARRIED,2,WALK-IN,,1,CURT,PASIG,7.0,RENTED,7.0,1.18,1.033,RETAIL,SARI SARI STORE
41,FEMALE,SINGLE,0,WALK-IN,"32,399.76",7,PDNP,PASIG,15.0,RENTED,15.0,7.29,0.779,RETAIL,VEGETABLES AND FRUITS DEALER
46,FEMALE,SEPARATED,1,WALK-IN,,2,CURT,PASIG,7.0,MORTGAGED,2.0,2.03,0.985,SERVICES,CARINDERIA
47,MALE,MARRIED,2,WALK-IN,,1,CURT,PASIG,4.0,OWNED,25.0,2.45,1.347,SERVICES,CAR SERVICES/BUY&SELL
46,FEMALE,MARRIED,3,WALK-IN,"18,224.44",1,PDNP,PASIG,4.0,OWNED,10.0,1.57,1.391,SERVICES,PRINTING AND PHOTOCOPYING SERVICES
44,MALE,MARRIED,1,WALK-IN,,4,CURT,PASIG,15.0,RENTED,16.0,1.27,0.475,RETAIL,CELLPHONE ACCESSORIES
45,MALE,MARRIED,2,PDC,,4,CURT,PASIG,14.0,OWNED,14.0,1.82,1.964,MANUFACTURING,BAKERY
48,FEMALE,MARRIED,3,PDC,,10,CURT,PASIG,6.0,RENTED,10.0,5.22,12.84,SERVICES,RESTAURANT
41,MALE,MARRIED,2,PDC,"91,426.90",2,PDNP,PASIG,10.0,OWNED,11.0,2.19,0.835,WHOLESALE/RETAIL,SOFDRINKS DEALER
46,FEMALE,MARRIED,1,WALK-IN,,5,CURT,PASIG,5.0,RENTED,5.0,0.9,0.26,RETAIL,SARI SARI STORE
44,FEMALE,SEPARATED,2,PDC,,2,CURT,PASIG,15.0,OWNED,15.0,1.27,0.768,RETAIL/WHOLESALE/TRADE,GENERAL MERCHANDISE
50,FEMALE,WIDOW,3,PDC,,6,CURT,PASIG,18.0,OWNED,20.0,1.37,0.419,RETAIL,MEAT SHOP
27,MALE,SINGLE,3,WALK-IN,,3,CURT,PASIG,1.0,OWNED,27.0,0.64,1.2,RETAIL,MEAT SHOP
55,FEMALE,SEPARATED,4,WALK-IN,"36,282.60",4,PDNP,PASIG,18.0,OWNED,40.0,5.8,3.938,SERVICES,CATERING
47,FEMALE,MARRIED,2,PDC,,3,CURT,ANB,10.0,OWNED,11.0,1.23,1.17,MANUFACTURING,DRESS SHOP
39,FEMALE,MARRIED,3,PDC,662.50,3,PDNP,PASIG,3.0,RENTED,4.0,1.28,1.0659999999999998,RETAIL,SARI SARI STORE
44,MALE,SINGLE,1,PDC,,1,CURT,PASIG,6.0,OWNED,30.0,6.63,12.584000000000001,SERVICES/RETAIL,CAR SERVICES/BUY&SELL
23,MALE,MARRIED,0,WALK-IN,"36,980.02",2,PDNP,ANB,6.0,OWNED,10.0,4.22,2.45,RETAIL,GENERAL MERCHANDISE
27,FEMALE,MARRIED,3,WALK-IN,"53,456.88",1,PDNP,PASIG,8.0,OWNED,2.0,2.14,1.446,MANUFACTURING,GARMENTS/RTW
41,FEMALE,MARRIED,3,PDC,,12,CURT,PASIG,6.0,OWNED,9.0,1.08,0.78,WHOLESALE/RETAIL,ELECTRONIC PARTS/SERVICES
61,MALE,WIDOW,1,WALK-IN,"5,687.92",1,PDNP,PASIG,28.0,OWNED,28.0,1.44,1.025,RETAIL,SARI SARI STORE
34,FEMALE,SINGLE,1,WALK-IN,,1,CURT,ANB,4.0,RENTED,11.0,0.51,4.333,RETAIL,SARI SARI STORE
41,FEMALE,SEPARATED,4,WALK-IN,"13,668.27",1,PDNP,ANB,8.0,OWNED,21.0,3.48,6.667000000000001,SERVICES,WATER REFILLING STATION
53,FEMALE,SINGLE,2,WALK-IN,,1,CURT,PASIG,10.0,SHARED/BORROWED,25.0,1.31,0.7959999999999999,RETAIL,FISH/VEGETABLE
45,MALE,MARRIED,2,PDC,,8,CURT,PASIG,20.0,RENTED,20.0,1.63,2.012,RETAIL,PLASTIC WARE
52,FEMALE,MARRIED,1,WALK-IN,,1,CURT,ANB,35.0,OWNED,35.0,1.13,0.797,RETAIL,SARI SARI STORE
51,FEMALE,MARRIED,4,WALK-IN,,7,CURT,PASIG,2.0,RENTED,13.0,2.4,1.5,RETAIL,PHARMACY
54,FEMALE,MARRIED,6,PDC,,2,CURT,PASIG,8.0,MORTGAGED,14.0,0.62,1.113,WHOLESALE/RETAIL,Confectionery and Baking Supply
54,FEMALE,MARRIED,3,WALK-IN,,2,CURT,ANB,3.0,OWNED,22.0,2.91,7.122000000000001,SERVICES,WATER REFILLING STATION
31,MALE,SINGLE,1,WALK-IN,,3,CURT,PASIG,8.0,RENTED,9.0,1.03,1.4580000000000002,WHOLESALE/RETAIL,SARI SARI STORE
59,FEMALE,MARRIED,2,PDC,,20,CURT,PASIG,20.0,OWNED,20.0,1.93,0.531,RETAIL/TRADING,BICYCLE PARTS
34,FEMALE,SEPARATED,3,WALK-IN,,1,CURT,PASIG,2.0,SHARED/BORROWED,34.0,0.84,0.43,SERVICES,CARINDERIA
55,FEMALE,MARRIED,1,PDC,,17,CURT,PASIG,25.0,OWNED,27.0,3.46,1.3330000000000002,WHOLESALE/RETAIL,WHOLESALE/RETAIL
40,FEMALE,SINGLE,1,WALK-IN,"3,309.26",2,PDNP,PASIG,5.0,RENTED,8.0,2.5,1.1,RETAIL,GENERAL MERCHANDISE
48,FEMALE,WIDOW,1,PDC,,2,CURT,PASIG,20.0,RENTED,25.0,0.82,0.442,RETAIL,RTW
45,MALE,SEPARATED,4,WALK-IN,,1,CURT,PASIG,5.0,OWNED,26.0,1.47,4.303,SERVICES,COMPUTER SHOP
53,FEMALE,MARRIED,3,PDC,,17,CURT,PASIG,20.0,OWNED,32.0,2.77,2.0,RETAIL,RTW
48,FEMALE,MARRIED,4,PDC,,13,CURT,PASIG,13.0,OWNED,23.0,1.84,0.132,RETAIL,MEAT SHOP
55,FEMALE,MARRIED,4,PDC,,12,CURT,PASIG,28.0,OWNED,28.0,1.11,0.162,RETAIL,SARI SARI STORE
58,FEMALE,MARRIED,5,WALK-IN,,17,CURT,PASIG,4.0,RENTED,4.0,1.12,0.247,WHOLESALER,charcoal
56,FEMALE,MARRIED,3,WALK-IN,,1,CURT,PASIG,13.0,RENTED,19.0,1.25,1.25,SERVICES,JUNKSHOP
53,FEMALE,MARRIED,2,WALK-IN,,3,CURT,PASIG,6.0,OWNED,16.0,1.16,1.867,RETAIL,Sari-Sari Store
50,FEMALE,SINGLE,3,PDC,,11,CURT,PASIG,5.0,SHARED/BORROWED,34.0,1.84,0.833,RETAIL,SARI SARI STORE
39,FEMALE,MARRIED,4,WALK-IN,"2,558.50",1,PDNP,PASIG,7.0,OWNED,14.0,1.61,1.8259999999999998,RETAIL,SARI SARI STORE
30,MALE,SINGLE,2,WALK-IN,,2,CURT,PASIG,11.0,SHARED/BORROWED,19.0,1.34,1.7930000000000001,RETAIL,Santy and Marcy Charcoal Dealer
54,FEMALE,MARRIED,5,WALK-IN,,11,CURT,PASIG,7.0,OWNED,4.0,1.2,0.31,MANUFACTURING,PUTO MAKER
40,FEMALE,SINGLE,2,WALK-IN,,1,CURT,PASIG,7.0,RENTED,9.0,1.35,1.344,RETAIL,SARI SARI STORE
40,FEMALE,SINGLE,0,PDC,,7,CURT,PASIG,33.0,OWNED,30.0,1.02,,MANUFACTURING,PUBLISHING
29,FEMALE,SINGLE,1,PDC,,2,CURT,PASIG,5.0,OWNED,5.0,0.87,6.722,SERVICES,EATERY
26,FEMALE,MARRIED,2,WALK-IN,,4,CURT,PASIG,8.0,SHARED/BORROWED,6.0,2.97,1.9,RETAIL,VEGETABLE DEALER
55,FEMALE,MARRIED,2,WALK-IN,,1,CURT,PASIG,11.0,RENTED,30.0,0.94,0.26,RETAIL,MEAT & CHICKEN
62,FEMALE,MARRIED,1,WALK-IN,,9,CURT,PASIG,35.0,OWNED,41.0,1.57,1.25,SERVICES,PASSENGER SEAT
36,MALE,SINGLE,0,WALK-IN,,7,CURT,PASIG,1.5,SHARED/BORROWED,33.0,1.07,0.495,RETAIL,vegetables fruits
45,FEMALE,MARRIED,4,WALK-IN,,4,CURT,PASIG,10.0,OWNED,5.0,1.82,0.293,RETAIL,VEGETABLE RETAIL
27,MALE,SINGLE,2,WALK-IN,,1,CURT,PASIG,3.0,RENTED,6.0,1.24,1.315,SERVICES,SPAREPARTS & REPAIR SHOP
42,FEMALE,MARRIED,2,PDC,"76,358.89",1,PDNP,PASIG,8.0,RENTED,3.0,1.28,1.6769999999999998,WHOLESALE/RETAIL,Gen.Merchandise
53,FEMALE,SEPARATED,2,WALK-IN,,6,CURT,PASIG,28.0,OWNED,28.0,1.79,1.324,RETAIL,MEAT & VEGETABLES
47,FEMALE,SINGLE,3,WALK-IN,"3,063.24",2,PDNP,PASIG,19.0,RENTED,7.0,1.46,0.713,SERVICES,FLOWER SHOP
38,MALE,MARRIED,3,WALK-IN,,10,CURT,PASIG,2.0,OWNED,34.0,0.54,0.502,RETAIL,sari-sari store
44,FEMALE,MARRIED,5,WALK-IN,,5,CURT,PASIG,7.0,SHARED/BORROWED,7.0,1.51,2.552,RETAIL,VEGETABLE RETAIL
44,FEMALE,WIDOW,1,WALK-IN,,1,CURT,PASIG,4.0,RENTED,3.0,1.42,1.055,SERVICES,EATERY
48,FEMALE,MARRIED,3,PDC,,4,CURT,PASIG,7.0,OWNED,30.0,6.09,0.7490000000000001,SERVICES,CARINDERIA/APARTMENT
59,FEMALE,SINGLE,2,WALK-IN,,3,CURT,PASIG,9.0,OWNED,21.0,0.89,0.6,RETAIL,VEGETABLES/FISH/MEAT
50,FEMALE,MARRIED,4,PDC,,4,CURT,PASIG,12.0,OWNED,25.0,3.16,0.5,MANUFACTURING,Garments
56,MALE,MARRIED,2,WALK-IN,,4,CURT,PASIG,20.0,OWNED,20.0,0.76,0.626,SERVICES,CARINDERIA
52,FEMALE,SINGLE,1,WALK-IN,"7,226.93",4,PDNP,PASIG,4.0,SHARED/BORROWED,37.0,1.08,1.76,RETAIL,Sari-sari store
44,MALE,SINGLE,3,WALK-IN,,13,CURT,PASIG,5.0,OWNED,5.0,2.47,1.42,WHOLESALE/RETAIL,mini-grocery
52,FEMALE,MARRIED,4,PDC,,11,CURT,PASIG,23.0,OWNED,23.0,0.53,0.248,WHOLESALE/RETAIL,SARI-SARI STORE/GEN.MERCHANDISE
57,MALE,MARRIED,3,WALK-IN,,16,CURT,PASIG,7.0,SHARED/BORROWED,42.0,1.29,0.9740000000000001,RETAIL,sari-sari store
27,MALE,MARRIED,1,WALK-IN,,3,CURT,PASIG,3.0,RENTED,26.0,1.55,0.8740000000000001,RETAIL,SOFTDRINKS DEALER
37,FEMALE,MARRIED,4,PDC,,22,CURT,PASIG,10.0,RENTED,10.0,2.68,1.09,WHOLESALE/RETAIL,MINI GROCERY
60,FEMALE,MARRIED,5,WALK-IN,,25,CURT,PASIG,20.0,RENTED,35.0,0.5,0.316,PROCESSING,bakery
54,FEMALE,MARRIED,3,WALK-IN,,3,CURT,PASIG,4.0,OWNED,4.0,1.07,0.486,SERVICES,CARINDERIA
48,FEMALE,MARRIED,5,PDC,,6,CURT,PASIG,26.0,SHARED/BORROWED,47.0,0.88,0.6809999999999999,RETAIL,Gen. Merchandise
37,FEMALE,SINGLE,2,WALK-IN,,1,CURT,PASIG,8.0,SHARED/BORROWED,11.0,1.43,2.16,SERVICES,CARINDERIA
49,MALE,MARRIED,3,PDC,,2,CURT,PASIG,9.0,RENTED,22.0,1.57,1.73,RETAIL,CONVIENCE STORE
62,FEMALE,MARRIED,3,WALK-IN,,12,CURT,PASIG,3.0,RENTED,11.0,0.76,0.24600000000000002,RETAIL,MEAT SHOP
42,FEMALE,MARRIED,5,WALK-IN,,1,CURT,PASIG,4.0,MORTGAGED,9.0,0.94,0.87,SERVICES,CARINDERIA
38,FEMALE,MARRIED,3,WALK-IN,,2,CURT,PASIG,8.0,OWNED,22.0,1.37,1.073,SERVICES,JUNKSHOP
61,FEMALE,WIDOW,3,WALK-IN,,4,CURT,PASIG,9.0,RENTED,9.0,1.21,0.511,SERVICES,CARINDERIA
39,FEMALE,SINGLE,1,PDC,,7,CURT,PASIG,10.0,SHARED/BORROWED,22.0,1.7,0.493,SERVICES,CATERING
52,FEMALE,SEPARATED,3,PDC,,15,CURT,PASIG,26.0,OWNED,40.0,1.73,2.8139999999999996,RETAIL,GENERAL MERCHANDISE
47,FEMALE,MARRIED,3,PDC,,2,CURT,PASIG,15.0,SHARED/BORROWED,7.0,1.17,0.883,SERVICES,APARTMENT
52,FEMALE,MARRIED,4,WALK-IN,"3,261.00",2,PDNP,PASIG,10.0,SHARED/BORROWED,25.0,1.43,0.912,RETAIL,VEGETABLE RETAIL
47,FEMALE,WIDOW,3,WALK-IN,,5,CURT,PASIG,10.0,RENTED,44.0,0.56,0.405,SERVICES,CARINDERIA
42,FEMALE,MARRIED,2,PDC,,1,CURT,PASIG,12.0,OWNED,15.0,6.57,1.131,WHOLESALE,ONIONS AND GARLIC
56,FEMALE,SINGLE,0,AUTO-DEBIT,,22,CURT,PASIG,18.0,RENTED,9.0,3.5,,RETAIL,MINI GROCERY
48,FEMALE,MARRIED,3,WALK-IN,,1,CURT,PASIG,8.0,RENTED,8.0,6.37,0.7709999999999999,RETAIL,VEGETABLE RETAIL
43,MALE,SINGLE,2,WALK-IN,,2,CURT,PASIG,3.0,RENTED,20.0,1.37,0.5870000000000001,SERVICES,RESTO BAR
38,FEMALE,MARRIED,3,PDC,,5,CURT,PASIG,15.0,SHARED/BORROWED,35.0,2.06,0.182,WHOLESALE/RETAIL,RICE DEALER
37,MALE,MARRIED,3,WALK-IN,,2,CURT,PASIG,5.0,OWNED,5.0,2.34,0.78,RETAIL,VEGETABLES
51,FEMALE,WIDOW,0,PDC,,3,CURT,PASIG,2.0,OWNED,4.0,0.96,0.705,SERVICES,CANTEEN
39,MALE,MARRIED,5,PDC,,1,CURT,PASIG,4.0,OWNED,39.0,2.78,0.6859999999999999,WHOLESALE,SOFDRINKS/LIQUOR DEALER
46,FEMALE,MARRIED,1,PDC,,25,CURT,PASIG,20.0,SHARED/BORROWED,20.0,2.85,1.3,WHOLESALE/RETAIL,RICE DEALER
42,MALE,SINGLE,3,WALK-IN,"33,650.06",1,PDNP,PASIG,3.0,OWNED,40.0,1.4,1.501,SERVICES,CARINDERIA
48,FEMALE,MARRIED,3,WALK-IN,,9,CURT,PASIG,10.0,OWNED,30.0,1.52,0.057999999999999996,RETAIL,FRUITS AND VEGETABLES
28,MALE,MARRIED,1,WALK-IN,,2,CURT,PASIG,7.0,RENTED,4.0,2.9,1.317,WHOLESALE/RETAIL,VEGETABLE
58,MALE,MARRIED,6,PDC,,6,CURT,PASIG,16.0,OWNED,17.0,1.2,0.12,WHOLESALE/RETAIL,MINI GROCERY
43,FEMALE,SEPARATED,3,PDC,,1,CURT,PASIG,10.0,OWNED,34.0,1.11,0.611,WHOLESALE/RETAIL,RICE DEALER
55,FEMALE,WIDOW,2,PDC,,1,CURT,PASIG,20.0,OWNED,22.0,2.43,1.2590000000000001,MANUFACTURER,GARMENTS
26,MALE,SINGLE,1,WALK-IN,,2,CURT,PASIG,7.0,RENTED,3.0,1.52,1.379,RETAIL,XEROX AND SCHOOL SUPPLIES
59,FEMALE,WIDOW,3,PDC,,7,CURT,PASIG,35.0,OWNED,15.0,0.87,0.23199999999999998,WHOLESALE/RETAIL,MINI GROCERY
62,FEMALE,SEPARATED,1,PDC,,4,CURT,PASIG,22.0,RENTED,22.0,1.34,0.221,WHOLESALE/RETAIL,MINI-GROCERY
55,FEMALE,MARRIED,2,WALK-IN,,2,CURT,PASIG,28.0,OWNED,28.0,3.1,2.49,SERVICES,Garments
38,FEMALE,SEPARATED,1,WALK-IN,,5,CURT,PASIG,12.0,OWNED,7.0,3.1,0.397,WHOLESALE/RETAIL,"TOKWA,TAHO,MISO,CHICHARON LUMPIA WRAPPER"
51,MALE,MARRIED,5,PDC,,16,CURT,PASIG,5.0,SHARED/BORROWED,33.0,2.08,1.0,RETAIL,SARI SARI STORE
40,FEMALE,MARRIED,2,PDC,,1,CURT,PASIG,3.0,SHARED/BORROWED,20.0,1.74,1.9169999999999998,SERVICES,SPA
45,FEMALE,MARRIED,3,PDC,,7,CURT,PASIG,12.0,SHARED/BORROWED,12.0,1.38,0.154,WHOLESALE/RETAIL,RICE DEALER
30,FEMALE,SINGLE,0,WALK-IN,,3,CURT,PASIG,5.0,RENTED,29.0,2.27,1.2,SERVICES,EATERY
53,FEMALE,MARRIED,4,WALK-IN,,2,CURT,PASIG,6.0,OWNED,10.0,1.38,1.808,RETAIL,POULTRY SUPPLIES
31,FEMALE,SINGLE,1,WALK-IN,"68,722.98",2,PDNP,PASIG,3.0,RENTED,8.0,0.89,1.673,MANUFACTURING,GARMENTS
49,FEMALE,SINGLE,2,WALK-IN,"4,820.04",3,PDNP,PASIG,5.0,RENTED,4.0,1.53,0.86,SERVICES,WATER REFILLING STATION
48,MALE,MARRIED,1,PDC,"25,805.02",2,PDNP,PASIG,3.0,SHARED/BORROWED,12.0,1.24,0.608,SERVICES,HUMAN RESOURCES
47,FEMALE,MARRIED,3,WALK-IN,"27,624.21",1,PDNP,PASIG,6.0,OWNED,6.0,2.19,2.1,SERVICES,EATERY
44,FEMALE,SINGLE,3,PDC,,1,CURT,PASIG,13.0,OWNED,17.0,1.41,1.3,RETAIL,MINI GROCERY
38,FEMALE,SINGLE,1,WALK-IN,"17,281.92",1,PDNP,PASIG,11.0,SHARED/BORROWED,11.0,1.24,0.996,RETAIL,CELLPHONE ACCESSORIES RETAILER
41,FEMALE,MARRIED,3,WALK-IN,"20,364.64",3,PDNP,SMB,10.0,RENTED,10.0,2.22,0.907,SERVICES,CANTEEN
34,FEMALE,MARRIED,4,WALK-IN,,1,CURT,PASIG,8.0,OWNED,4.0,2.93,2.137,MANUFACTURING,GARMENTS/RTW
36,FEMALE,MARRIED,2,PDC,,1,CURT,PASIG,7.0,RENTED,1.0,1.69,3.245,SERVICES,SCHOOL SUPPLIES
22,FEMALE,MARRIED,1,WALK-IN,"15,624.84",3,PDNP,PASIG,3.0,RENTED,15.0,1.68,1.4580000000000002,RETAIL,GENERAL MERCHANDISE
37,FEMALE,SINGLE,0,WALK-IN,"20,364.64",1,PDNP,PASIG,3.0,RENTED,3.0,1.27,2.9330000000000003,RETAIL,SARI SARI STORE
35,FEMALE,MARRIED,2,PDC,,2,CURT,PASIG,9.0,RENTED,12.0,1.12,6.925,RETAIL,PHARMACY
32,FEMALE,MARRIED,5,WALK-IN,,2,CURT,PASIG,4.0,OWNED,12.0,0.9,1.057,RETAIL,Gen. Merchandise
32,MALE,SINGLE,3,WALK-IN,,12,CURT,PASIG,12.0,SHARED/BORROWED,24.0,1.47,0.6,RETAIL,BREADS AND CANDIES
61,FEMALE,WIDOW,3,WALK-IN,,2,CURT,PASIG,7.0,OWNED,40.0,0.87,0.828,RETAIL,MINI GROCERY
44,FEMALE,MARRIED,2,WALK-IN,,2,CURT,PASIG,6.0,OWNED,20.0,0.69,0.47700000000000004,SERVICES,CANTEEN
38,FEMALE,SINGLE,2,WALK-IN,"22,806.73",1,PDNP,PASIG,5.0,RENTED,5.0,8.8,2.406,MANUFACTURING,T-SHIRT PRINTING
61,FEMALE,MARRIED,4,WALK-IN,,12,CURT,PASIG,12.0,OWNED,31.0,2.86,0.72,SERVICES,PHOTOGRAPGHY
31,MALE,MARRIED,4,WALK-IN,,2,CURT,PASIG,7.0,RENTED,7.0,1.06,1.348,RETAIL,SARI SARI STORE
39,MALE,MARRIED,5,WALK-IN,,2,CURT,PASIG,15.0,OWNED,10.0,1.24,1.504,RETAIL,HARDWARE
46,FEMALE,SINGLE,5,WALK-IN,,1,CURT,PASIG,8.0,RENTED,5.0,1.13,3.4330000000000003,SERVICES,JUNKSHOP
48,FEMALE,MARRIED,4,WALK-IN,,18,CURT,PASIG,7.0,RENTED,18.0,1.9,0.231,SERVICES,CARINDERIA
48,MALE,MARRIED,3,PDC,,12,CURT,PASIG,10.0,OWNED,7.0,1.34,1.4,WHOLESALE/RETAIL,GENERAL MERCHANDISE
50,FEMALE,MARRIED,1,WALK-IN,,8,CURT,PASIG,18.0,RENTED,29.0,1.33,1.151,RETAIL,SARI SARI STORE
37,MALE,MARRIED,2,WALK-IN,,1,CURT,PASIG,4.0,OWNED,6.0,2.37,3.75,SERVICES,WATER REFILLING STATION
62,FEMALE,MARRIED,1,PDC,,9,CURT,PASIG,15.0,RENTED,6.0,1.05,0.7090000000000001,RETAIL,RICE DEALER
49,FEMALE,WIDOW,2,WALK-IN,"44,232.36",1,PDNP,PASIG,9.0,RENTED,7.0,1.79,3.9560000000000004,RETAIL,BAGS AND DIAPER RETAIL
42,FEMALE,MARRIED,2,PDC,,2,CURT,PASIG,9.0,OWNED,16.0,0.89,1.205,MANUFACTURING,HOME FURNISHING
45,MALE,MARRIED,3,WALK-IN,,8,CURT,PASIG,13.0,RENTED,6.0,3.02,0.851,RETAIL/TRADE/SERVICES,CELLPHONE ACCESSORIES & ELECTRONICS
53,FEMALE,MARRIED,3,WALK-IN,"12,562.20",1,PDNP,PASIG,16.0,OWNED,26.0,1.6,0.836,RETAIL/SERVICES,PROCESS FOODS/LAUNDRY
38,FEMALE,SEPARATED,0,PDC,,24,CURT,PASIG,14.0,SHARED/BORROWED,36.0,1.49,0.248,RETAIL,RTW
52,FEMALE,MARRIED,2,PDC,,10,CURT,PASIG,7.0,OWNED,49.0,1.43,1.047,RETAIL,BAGS/RTW
44,FEMALE,MARRIED,2,WALK-IN,,3,CURT,PASIG,8.0,RENTED,8.0,3.07,1.087,PROCESSING/RETAIL,BAKERY/SARI SARI STORE
56,MALE,MARRIED,2,WALK-IN,,2,CURT,PASIG,4.0,OWNED,30.0,1.04,0.556,SERVICES,CANTEEN
33,FEMALE,SINGLE,2,WALK-IN,"1,532.46",2,PDNP,PASIG,10.0,SHARED/BORROWED,31.0,1.1,1.217,RETAIL,SARI SARI STORE
49,FEMALE,SINGLE,0,WALK-IN,,10,CURT,PASIG,2.0,RENTED,2.0,1.52,0.581,RETAIL,MEAT SHOP
42,FEMALE,MARRIED,3,WALK-IN,"27,052.42",4,PDNP,PASIG,15.0,SHARED/BORROWED,22.0,1.48,6.504,RETAIL,GLASSWARE
56,FEMALE,MARRIED,5,WALK-IN,,2,CURT,PASIG,12.0,RENTED,7.0,1.54,2.06,RETAIL,General Merchandise
43,MALE,MARRIED,2,WALK-IN,,1,CURT,CAVITE,5.0,RENTED,7.0,1.82,1.989,WHOLESALE/RETAIL,FISH DEALER
42,FEMALE,SINGLE,2,WALK-IN,"5,853.55",1,PDNP,CAVITE,12.0,OWNED,38.0,1.47,1.004,RETAIL,VEGETABLE RETAIL
39,FEMALE,SINGLE,4,PDC,,3,CURT,CAVITE,10.0,OWNED,5.0,1.4,1.564,RETAIL,VEGETABLE RETAIL
45,FEMALE,SINGLE,0,PDC,,2,CURT,CAVITE,5.0,RENTED,5.0,1.77,1.0659999999999998,RETAIL,FISH DEALER
40,FEMALE,SINGLE,3,PDC,"34,549.93",1,PDNP,CAVITE,9.0,SHARED/BORROWED,10.0,3.42,3.062,RETAIL,MEAT DEALER
23,MALE,SINGLE,0,PDC,,2,CURT,CAVITE,20.0,OWNED,22.0,5.5,1.5319999999999998,SERVICES,CANTEEN
35,FEMALE,SINGLE,0,PDC,,2,CURT,CAVITE,5.0,RENTED,8.0,1.62,0.608,WHOLESALE/RETAIL,RTW
46,MALE,MARRIED,3,WALK-IN,,2,CURT,CAVITE,9.0,OWNED,16.0,1.71,0.997,RETAIL,FISH VENDOR
51,FEMALE,MARRIED,3,WALK-IN,,1,CURT,CAVITE,3.0,OWNED,3.0,1.65,16.598,RETAIL,SARI SARI STORE
56,FEMALE,MARRIED,1,WALK-IN,"20,170.32",2,PDNP,CAVITE,10.0,SHARED/BORROWED,15.0,2.08,2.325,MANUFACTURING,Carinderia
32,FEMALE,MARRIED,3,PDC,,1,CURT,CAVITE,3.0,OWNED,3.0,1.27,3.4160000000000004,SERVICES,TAPSIHAN
33,FEMALE,MARRIED,2,PDC,,2,CURT,CAVITE,5.0,MORTGAGED,9.0,2.37,2.323,RETAIL/SERVICES,MEAT SHOP/MASSAGE PARLOR
29,FEMALE,MARRIED,1,PDC,,2,CURT,CAVITE,9.0,MORTGAGED,9.0,1.21,5.397,WHOLESALE/RETAIL,RTW
56,FEMALE,MARRIED,1,PDC,,1,CURT,CAVITE,13.0,OWNED,4.0,1.2,2.9139999999999997,RETAIL,PHARMACY AND GEN. MERCHANDISE
60,MALE,MARRIED,1,PDC,"85,847.11",5,PDNP,PASIG,18.0,RENTED,18.0,1.33,0.32299999999999995,SERVICES,STEEL FABRICATION
61,MALE,MARRIED,2,WALK-IN,"20,892.63",1,PDNP,PASIG,20.0,OWNED,20.0,1.11,0.655,RETAIL,SARI SARI STORE
42,FEMALE,MARRIED,3,PDC,"40,154.74",2,PDNP,CAVITE,12.0,OWNED,41.0,3.97,1.207,WHOLESALE/RETAIL,Vegetables
40,FEMALE,MARRIED,5,PDC,"30,248.61",1,PDNP,CAVITE,9.0,OWNED,39.0,3.44,0.512,WHOLESALE/RETAIL,FRUITS AND VEGETABLES
31,FEMALE,MARRIED,2,WALK-IN,,1,CURT,CAVITE,1.5,SHARED/BORROWED,25.0,1.18,2.15,Retail,Sari-sari Store and Vegetables
36,FEMALE,MARRIED,2,WALK-IN,,2,CURT,CAVITE,3.0,SHARED/BORROWED,13.0,1.6,0.86,SERVICES,CARINDERIA
39,FEMALE,SINGLE,0,WALK-IN,,3,CURT,CAVITE,7.0,OWNED,10.0,0.71,0.644,WHOLESALE/RETAIL,Bigasan at Itlogan
34,FEMALE,SEPARATED,1,PDC,,2,CURT,CAVITE,9.0,OWNED,11.0,1.36,2.967,RETAIL,RTW/SARI-SARI STORE
43,FEMALE,SINGLE,3,WALK-IN,,2,CURT,CAVITE,10.0,OWNED,14.0,1.64,2.456,RETAIL,SARI SARI STORE
48,FEMALE,SEPARATED,1,WALK-IN,,1,CURT,CAVITE,5.0,OWNED,4.0,1.61,0.845,RETAIL/WHOLESALE,SARI SARI STORE
56,FEMALE,MARRIED,1,WALK-IN,,1,CURT,CAVITE,11.0,OWNED,26.0,1.25,2.247,RETAIL,SARI SARI STORE
40,FEMALE,MARRIED,0,WALK-IN,,2,CURT,CAVITE,2.0,MORTGAGED,5.0,2.92,1.5530000000000002,WHOLESALE/RETAIL,BIGASAN AT MEAT SHOP
44,FEMALE,MARRIED,3,PDC,,2,CURT,CAVITE,9.0,OWNED,3.0,1.98,2.8310000000000004,WHOLESALE/RETAIL,VEGETABLES
41,FEMALE,SINGLE,0,PDC,,1,CURT,CAVITE,3.0,MORTGAGED,11.0,1.74,2.0780000000000003,SERVICES,DIRECT SELLING
50,FEMALE,MARRIED,3,WALK-IN,,1,CURT,CAVITE,6.0,OWNED,6.0,1.15,1.4040000000000001,RETAIL,SARI SARI STORE
58,FEMALE,WIDOW,0,WALK-IN,,1,CURT,CAVITE,3.0,RENTED,3.0,1.33,4.75,RETAIL,FURNITURE SHOP
53,FEMALE,SINGLE,1,WALK-IN,,2,CURT,CAVITE,14.0,OWNED,9.0,1.81,2.472,RETAIL/WHOLESALE,SARI SARI STORE
53,FEMALE,MARRIED,1,PDC,,2,CURT,CAVITE,7.0,RENTED,7.0,3.36,2.7889999999999997,WHOLESALE/RETAIL,RTW
54,FEMALE,MARRIED,0,PDC,,2,CURT,CAVITE,12.0,RENTED,12.0,2.17,2.0,WHOLESALE/RETAIL,Sari-sari and Vegetables
36,MALE,MARRIED,4,PDC,,2,CURT,CAVITE,5.0,OWNED,36.0,2.07,2.057,SERVICES,EATERY
41,MALE,MARRIED,3,WALK-IN,,1,CURT,CAVITE,10.0,SHARED/BORROWED,12.0,1.46,1.0,RETAIL,SARI SARI STORE
57,FEMALE,MARRIED,2,PDC,,1,CURT,CAVITE,2.0,OWNED,3.0,1.0,2.292,RETAIL,SARI SARI STORE
55,FEMALE,MARRIED,4,WALK-IN,,1,CURT,CAVITE,5.0,OWNED,17.0,1.65,1.6219999999999999,SERVICES,CANTEEN
53,MALE,SEPARATED,6,WALK-IN,,2,CURT,CAVITE,13.0,RENTED,11.0,3.78,1.389,WHOLESALE/RETAIL,VEGETABLE DEALER
48,FEMALE,MARRIED,1,WALK-IN,,3,CURT,CAVITE,5.0,OWNED,9.0,1.33,1.597,RETAIL/SERVICES,SARI SARI STORE AND CARINDERIA
43,FEMALE,SINGLE,0,WALK-IN,,2,CURT,CAVITE,11.0,OWNED,43.0,1.35,1.4680000000000002,WHOLESALE/RETAIL,SARI SARI STORE
40,MALE,MARRIED,3,WALK-IN,,1,CURT,CAVITE,3.0,RENTED,16.0,1.86,2.011,RETAIL,SARI SARI STORE
40,MALE,SINGLE,3,WALK-IN,,1,CURT,CAVITE,3.0,RENTED,3.0,1.73,1.673,RETAIL,VEGETABLE RETAIL
25,FEMALE,SINGLE,0,WALK-IN,,2,CURT,CAVITE,3.0,RENTED,3.0,2.63,1.04,WHOLESALE/RETAIL,VEGETABLES
35,FEMALE,MARRIED,3,PDC,,1,CURT,CAVITE,7.0,OWNED,4.0,1.69,3.616,WHOLESALE/RETAIL,GEN. MERCHANDISE/GROCERIES
46,FEMALE,MARRIED,3,PDC,,2,CURT,CAVITE,15.0,OWNED,23.0,0.63,0.5920000000000001,WHOLESALE/RETAIL,Mini Store
36,FEMALE,MARRIED,2,PDC,,2,CURT,CAVITE,12.0,OWNED,12.0,0.88,0.769,RETAIL,RTW
36,FEMALE,SEPARATED,1,WALK-IN,,3,CURT,CAVITE,20.0,RENTED,10.0,4.73,1.2,WHOLESALE/RETAIL,VEGETABLES
41,FEMALE,MARRIED,4,PDC,,1,CURT,QUEZON CITY,18.0,OWNED,12.0,1.26,1.493,CONTRACTOR,HARDWARE
39,MALE,MARRIED,4,PDC,,2,CURT,QUEZON CITY,8.0,OWNED,20.0,0.85,0.9279999999999999,RETAIL,POULTRY SUPPLIES
33,MALE,MARRIED,1,WALK-IN,,1,CURT,QUEZON CITY,15.0,SHARED/BORROWED,15.0,1.99,1.287,RETAIL,RICE DEALER
37,FEMALE,MARRIED,1,PDC,,1,CURT,QUEZON CITY,8.0,OWNED,30.0,1.43,1.024,RETAIL,HOME MADE SWEETS CANDY & SNACKS
40,FEMALE,SINGLE,1,PDC,,1,CURT,QUEZON CITY,2.0,MORTGAGED,10.0,1.54,0.667,RETAIL,RICE DEALER
53,FEMALE,MARRIED,4,PDC,,1,CURT,QUEZON CITY,11.0,OWNED,5.0,1.35,5.0,RETAIL,GENERAL MERCHANDISE
38,FEMALE,MARRIED,2,PDC,,1,CURT,QUEZON CITY,8.0,OWNED,15.0,1.55,1.5,RETAIL,BREAD AND BISCUIT
46,FEMALE,MARRIED,3,PDC,,1,CURT,QUEZON CITY,10.0,RENTED,27.0,2.6,0.515,SERVICES,EATERY
30,FEMALE,SINGLE,4,PDC,,1,CURT,QUEZON CITY,8.0,OWNED,8.0,1.72,2.0,RETAIL,FURNITURE SHOP
45,FEMALE,MARRIED,4,PDC,,2,CURT,QUEZON CITY,17.0,OWNED,20.0,1.7,6.367000000000001,RETAIL,MEAT/CHICKEN/FISH
23,MALE,SINGLE,5,PDC,,1,CURT,QUEZON CITY,13.0,OWNED,10.0,0.83,1.744,MANUFACTURING,ENVELOPE MANUFACTURING
46,FEMALE,MARRIED,2,PDC,,1,CURT,QUEZON CITY,14.0,MORTGAGED,15.0,4.89,1.63,RETAIL,CHARCOAL RETAILER
37,MALE,MARRIED,2,PDC,,1,CURT,QUEZON CITY,10.0,OWNED,6.0,1.67,1.193,RETAIL,BABY DRESS AND APPAREL
47,FEMALE,SEPARATED,2,WALK-IN,,2,CURT,QUEZON CITY,4.0,SHARED/BORROWED,27.0,1.26,1.415,RETAIL,DIAPER & DRY GOODS
26,FEMALE,SINGLE,0,PDC,,1,CURT,QUEZON CITY,27.0,OWNED,27.0,1.06,2.379,RETAIL,CURTAIN & PILLOWS
46,FEMALE,WIDOW,4,PDC,,1,CURT,QUEZON CITY,19.0,SHARED/BORROWED,25.0,1.07,1.9,RETAIL,BEDSHEET & PILLOW
34,FEMALE,MARRIED,3,PDC,,1,CURT,QUEZON CITY,3.0,RENTED,3.0,1.4,0.6459999999999999,RETAIL,FISH RETAILER
33,FEMALE,MARRIED,2,PDC,,1,CURT,QUEZON CITY,4.0,OWNED,14.0,1.22,0.92,SERVICES,DIAGNOSTIC & MED.SERVICES
40,FEMALE,MARRIED,1,PDC,,12,CURT,QUEZON CITY,17.0,OWNED,17.0,1.65,1.25,RETAIL,GENERAL MERCHANDISE
30,FEMALE,SINGLE,1,WALK-IN,"45,613.48",3,PDNP,SMB,8.0,RENTED,8.0,1.08,0.833,RETAIL,GENERAL MERCHANDISE
39,FEMALE,MARRIED,2,WALK-IN,"64,512.53",3,PDNP,SMB,9.0,OWNED,9.0,1.18,0.9329999999999999,RETAIL,FISH DEALER
44,FEMALE,SINGLE,2,WALK-IN,"12,769.20",3,PDNP,SMB,3.0,MORTGAGED,3.0,1.17,1.077,RETAIL,SARI SARI STORE
45,FEMALE,MARRIED,4,WALK-IN,"6,103.15",2,PDNP,SMB,7.0,MORTGAGED,7.0,1.07,1.9680000000000002,RETAIL,SARI SARI STORE
46,FEMALE,MARRIED,3,WALK-IN,"16,770.04",1,PDNP,SMB,4.0,OWNED,14.0,1.2,1.064,RETAIL,SARI SARI STORE
34,FEMALE,MARRIED,3,WALK-IN,"40,176.76",1,PDNP,SMB,4.0,OWNED,5.0,1.05,0.5,RETAIL,SARI SARI STORE
53,FEMALE,MARRIED,1,WALK-IN,"51,375.86",1,PDNP,SMB,20.0,SHARED/BORROWED,49.0,1.1,1.148,RETAIL,FROZEN GOODS
35,FEMALE,MARRIED,2,WALK-IN,"17,826.35",2,PDNP,SMB,13.0,OWNED,30.0,2.13,1.8419999999999999,SERVICES,CARINDERIA
39,FEMALE,MARRIED,3,WALK-IN,"27,845.88",3,PDNP,SMB,20.0,OWNED,37.0,1.75,1.025,RETAIL,SARI SARI STORE
35,FEMALE,MARRIED,2,WALK-IN,"57,041.88",2,PDNP,SMB,13.0,OWNED,30.0,1.09,3.75,SERVICES,EATERY
38,MALE,MARRIED,2,WALK-IN,"47,113.52",1,PDNP,SMB,10.0,OWNED,13.0,1.25,2.125,SERVICES,SASH FACTORY
53,FEMALE,MARRIED,2,WALK-IN,"94,310.24",2,PDNP,SMB,30.0,OWNED,50.0,1.24,1.141,RETAIL,MINI GROCERY
32,MALE,SINGLE,1,WALK-IN,"45,781.29",2,PDNP,SMB,5.0,OWNED,29.0,1.14,0.465,RETAIL,PLASTIC WARE
45,FEMALE,MARRIED,1,WALK-IN,"43,254.98",2,PDNP,SMB,16.0,OWNED,40.0,2.04,0.8140000000000001,SERVICES,EATERY
29,MALE,SINGLE,3,WALK-IN,"69,060.53",1,PDNP,SMB,8.0,OWNED,24.0,1.49,1.3330000000000002,SERVICES,EATERY
29,MALE,SINGLE,3,WALK-IN,"25,638.28",1,PDNP,SMB,8.0,OWNED,24.0,1.36,0.8,SERVICES,EATERY
44,FEMALE,MARRIED,2,PDC,"106,226.74",3,PDNP,SMB,5.0,OWNED,5.0,1.35,0.188,RETAIL,NFA RICE DEALER
48,FEMALE,SINGLE,0,WALK-IN,"12,015.12",2,PDNP,SMB,2.0,OWNED,3.0,1.87,2.33,RETAIL,GENERAL MERCHANDISE
51,FEMALE,MARRIED,2,WALK-IN,"4,527.29",1,PDNP,SMB,8.0,OWNED,8.0,1.49,0.9670000000000001,RETAIL,SARI SARI STORE
41,MALE,SINGLE,0,WALK-IN,"35,800.11",3,PDNP,SMB,8.0,RENTED,8.0,2.5,0.915,RETAIL,KAKANIN STORE
46,FEMALE,SEPARATED,1,WALK-IN,"23,242.49",2,PDNP,SMB,8.0,OWNED,8.0,2.4,2.225,RETAIL,TILES RETAIL
61,MALE,SEPARATED,1,WALK-IN,"2,157.33",1,PDNP,SMB,30.0,OWNED,8.0,1.39,0.973,RETAIL,RTW
39,MALE,MARRIED,0,PDC,,4,CURT,QUEZON CITY,10.0,OWNED,10.0,1.27,0.502,RETAIL,POULTRY SUPPLIES
42,FEMALE,MARRIED,3,PDC,,2,CURT,QUEZON CITY,4.0,OWNED,22.0,1.25,1.047,WHOLESALE/RETAIL,Dry goods
46,MALE,SINGLE,1,WALK-IN,,3,CURT,QUEZON CITY,10.0,OWNED,40.0,0.8,0.654,RETAIL,ACCESSORIES
47,FEMALE,MARRIED,3,PDC,,2,CURT,QUEZON CITY,30.0,OWNED,28.0,2.87,1.2770000000000001,WHOLESALE/RETAIL,FISH/SEA FOODS
56,FEMALE,MARRIED,4,WALK-IN,,1,CURT,QUEZON CITY,33.0,OWNED,24.0,0.98,1.662,WHOLESALE/RETAIL,LUMPIA WRAPPER
43,MALE,MARRIED,2,PDC,,1,CURT,QUEZON CITY,15.0,OWNED,4.0,2.71,1.84,RETAIL,JUNKSHOP
46,MALE,MARRIED,2,PDC,,1,CURT,QUEZON CITY,17.0,OWNED,9.0,1.15,1.114,WHOLESALE/RETAIL,RTW
37,FEMALE,MARRIED,1,WALK-IN,"12,790.52",3,PDNP,SMB,8.0,RENTED,8.0,1.21,0.8809999999999999,RETAIL,FOOD SERVICES
31,MALE,MARRIED,2,WALK-IN,,3,CURT,QUEZON CITY,4.0,OWNED,2.0,1.12,0.907,WHOLESALE/RETAIL,TOYS/CANDIES/PARTY NEEDS
42,FEMALE,WIDOW,6,PDC,,2,CURT,SMB,25.0,RENTED,1.0,1.44,1.278,RETAIL,FISH VENDOR
46,MALE,MARRIED,4,PDC,,2,CURT,QUEZON CITY,14.0,OWNED,23.0,1.21,1.534,RETAIL,CONDIMENTS
48,FEMALE,SEPARATED,3,WALK-IN,,3,CURT,QUEZON CITY,17.0,OWNED,17.0,0.21,0.442,RETAIL,GENERAL MERCHANDISE
31,MALE,MARRIED,2,WALK-IN,,1,CURT,QUEZON CITY,30.0,OWNED,6.0,1.49,1.5,WHOLESALE/MANUFACTURING,CHICARON/SARI-SARI STORE
26,FEMALE,SINGLE,2,PDC,,1,CURT,QUEZON CITY,22.0,OWNED,22.0,3.86,1.6640000000000001,MANUFACTURING,LUMPIA WRAPPER MAKER
48,FEMALE,MARRIED,5,WALK-IN,,2,CURT,QUEZON CITY,27.0,RENTED,10.0,1.05,1.084,WHOLESALE,CHICHARON
32,FEMALE,SINGLE,3,PDC,,2,CURT,QUEZON CITY,10.0,OWNED,31.0,1.12,1.6340000000000001,RETAIL,GENERAL MERCHANDISE
54,MALE,MARRIED,2,PDC,,4,CURT,QUEZON CITY,28.0,OWNED,11.0,0.57,0.466,RETAIL,COCONUT DEALER/SARI-SARI STORE
23,FEMALE,SINGLE,1,PDC,,1,CURT,QUEZON CITY,2.0,OWNED,11.0,3.42,2.2880000000000003,RETAIL,PHARMACY
50,FEMALE,MARRIED,4,WALK-IN,"29,680.38",1,PDNP,SMB,4.0,OWNED,24.0,1.1,0.804,RETAIL,PUGO DEALER AND CONDIMENTS
53,FEMALE,SINGLE,4,PDC,,4,CURT,QUEZON CITY,30.0,OWNED,30.0,3.9,0.667,SERVICES,JUNKSHOP
36,MALE,SINGLE,1,WALK-IN,"65,981.39",2,PDNP,QUEZON CITY,9.0,OWNED,33.0,1.24,1.2990000000000002,RETAIL,SCHOOL SUPPLIES
47,FEMALE,WIDOW,4,PDC,,2,CURT,QUEZON CITY,23.0,MORTGAGED,4.0,2.1,0.725,RETAIL/SERVICES,SHOE SUPPLIES & REPAIR SHOP
40,FEMALE,SINGLE,4,PDC,"138,121.05",1,PDNP,SMB,17.0,RENTED,6.0,3.05,0.304,RETAIL,MEAT SHOP
39,FEMALE,SINGLE,1,PDC,"94,210.11",1,PDNP,SMB,6.0,OWNED,37.0,1.46,0.622,RETAIL,MEAT SHOP
57,FEMALE,WIDOW,0,PDC,,3,CURT,QUEZON CITY,15.0,OWNED,15.0,3.85,0.722,SERVICES,STALL RENTAL (MINI TALIPAPA)
44,FEMALE,WIDOW,1,PDC,,1,CURT,QUEZON CITY,20.0,RENTED,11.0,2.07,2.283,RETAIL,FRUITS WHOLESALER
45,MALE,SINGLE,3,WALK-IN,,1,CURT,QUEZON CITY,10.0,RENTED,10.0,1.78,0.9359999999999999,RETAIL,FRUITS RETAIL
53,FEMALE,MARRIED,6,PDC,,1,CURT,QUEZON CITY,20.0,OWNED,10.0,2.12,8.0,SERVICES,BAKERY
53,FEMALE,MARRIED,4,PDC,,3,CURT,QUEZON CITY,12.0,OWNED,23.0,0.79,1.0590000000000002,WHOLESALE/RETAIL,SARI SARI STORE
39,FEMALE,SINGLE,4,WALK-IN,,2,CURT,QUEZON CITY,15.0,OWNED,15.0,2.39,0.7140000000000001,RETAIL,FISH VENDOR
34,FEMALE,SINGLE,1,WALK-IN,,1,CURT,QUEZON CITY,10.0,OWNED,6.0,1.12,1.409,RETAIL,RICE/FRUITS AND VEGETABLES RETAILER
50,FEMALE,MARRIED,3,PDC,,2,CURT,QUEZON CITY,21.0,RENTED,6.0,1.15,2.0,RETAIL/WHOLESALE,RICE DEALER
28,MALE,SINGLE,0,PDC,,2,CURT,QUEZON CITY,4.0,RENTED,0.5,1.44,1.6669999999999998,WHOLESALE/RETAIL,RICE DEALER
46,FEMALE,SEPARATED,3,PDC,,1,CURT,QUEZON CITY,6.0,OWNED,20.0,0.6,0.782,WHOLESALE/RETAIL,BALUT/EGG WHOLESALER/RETAILER/GEN.MERCHANDISE
50,FEMALE,MARRIED,2,WALK-IN,,2,CURT,QUEZON CITY,6.0,OWNED,10.0,0.4,0.5670000000000001,RETAIL,RICE RETAILER
38,FEMALE,MARRIED,4,WALK-IN,,3,CURT,QUEZON CITY,12.0,OWNED,8.0,2.65,3.823,RETAIL,GENERAL MERCHANDISE
37,FEMALE,SINGLE,2,WALK-IN,,2,CURT,QUEZON CITY,6.0,OWNED,16.0,0.17,0.127,RETAIL,GENERAL MERCHANDISE
55,FEMALE,SINGLE,1,PDC,"20,603.11",4,PDNP,QUEZON CITY,26.0,OWNED,16.0,6.63,4.072,RETAIL,FROZEN GOODS
44,MALE,SINGLE,0,WALK-IN,"26,221.03",2,PDNP,QUEZON CITY,16.0,OWNED,16.0,1.08,0.778,RETAIL,GENERAL MERCHANDISE
38,MALE,MARRIED,1,WALK-IN,,2,CURT,QUEZON CITY,12.0,OWNED,30.0,1.68,2.296,RETAIL,GENERAL MERCHANDISE
37,MALE,MARRIED,1,WALK-IN,"24,101.79",2,PDNP,QUEZON CITY,6.0,RENTED,6.0,2.43,0.51,RETAIL,MEAT & CHICKEN
25,MALE,SINGLE,2,WALK-IN,,2,CURT,QUEZON CITY,6.0,OWNED,6.0,1.02,1.254,RETAIL,GENERAL MERCHANDISE
35,MALE,SINGLE,2,WALK-IN,,1,CURT,QUEZON CITY,6.0,RENTED,6.0,1.0,1.1,RETAIL,EGG RETAILER
55,FEMALE,WIDOW,2,WALK-IN,,3,CURT,QUEZON CITY,30.0,OWNED,12.0,1.0,0.177,RETAIL,FROZEN MEAT/HOME MADE LANGGONISA
57,MALE,MARRIED,0,WALK-IN,,2,CURT,QUEZON CITY,20.0,RENTED,6.0,1.11,0.52,RETAIL,GENERAL MERCHANDISE
43,FEMALE,MARRIED,2,PDC,,1,CURT,QUEZON CITY,5.0,RENTED,5.0,1.08,0.8,RETAIL,GENERAL MERCHANDISE
44,FEMALE,MARRIED,4,PDC,,3,CURT,QUEZON CITY,15.0,RENTED,15.0,1.33,1.028,RETAIL,GENERAL MERCHANDISE/MEAT RETAILER
36,MALE,MARRIED,2,WALK-IN,"10,765.69",8,PDNP,SMB,4.0,RENTED,5.0,1.98,1.724,RETAIL,VEG./MEAT/FISH/SARI-SARI STORE
50,MALE,SINGLE,1,PDC,"37,641.05",2,PDNP,SMB,8.0,RENTED,3.0,2.01,0.516,RETAIL,SEAFOODS RETAILER
46,FEMALE,MARRIED,2,PDC,,21,CURT,SMB,13.0,OWNED,13.0,1.38,0.485,MANUFACTURING,BAG MAKING
39,FEMALE,MARRIED,3,PDC,"100,918.44",7,PDNP,SMB,7.0,OWNED,11.0,2.06,1.103,TRADE/SERVICES,COM.SHOP/GEN.MERCH./LOAD/REMITTANCES
48,FEMALE,MARRIED,3,WALK-IN,,11,CURT,SMB,9.0,RENTED,6.0,4.03,2.136,RETAIL,DRY GOODS
37,FEMALE,SINGLE,2,WALK-IN,,3,CURT,SMB,6.0,RENTED,6.0,1.74,1.192,RETAIL,SARI SARI STORE
32,FEMALE,MARRIED,2,PDC,,14,CURT,SMB,6.0,OWNED,6.0,1.08,0.8590000000000001,RETAIL,DEALER OF ITALY 92.5
37,FEMALE,SEPARATED,2,PDC,,4,CURT,SMB,30.0,OWNED,31.0,2.22,1.8,DEALER/RETAIL,DRIED FISH
54,FEMALE,WIDOW,3,WALK-IN,,5,CURT,SMB,15.0,OWNED,25.0,1.47,1.531,RETAIL,GENERAL MERCHANDISE
55,MALE,MARRIED,1,WALK-IN,,3,CURT,SMB,6.0,OWNED,6.0,1.0,0.5660000000000001,RETAIL,RTW
42,FEMALE,MARRIED,1,WALK-IN,,11,CURT,SMB,6.0,OWNED,6.0,1.41,0.8640000000000001,RETAIL,GENERAL MERCHANDISE
36,FEMALE,MARRIED,4,WALK-IN,"5,872.21",2,PDNP,SMB,10.0,RENTED,4.0,4.54,1.275,RETAIL,FISH RETAIL
58,FEMALE,SINGLE,2,WALK-IN,"5,692.77",2,PDNP,SMB,23.0,OWNED,23.0,1.22,1.9080000000000001,RETAIL,GLASSWARE/PLASTIC WARE
54,FEMALE,MARRIED,4,PDC,,2,CURT,SMB,5.0,OWNED,1.0,1.52,0.78,RETAIL,PHARMACY
48,FEMALE,MARRIED,1,WALK-IN,,2,CURT,SMB,5.0,OWNED,10.0,2.18,0.917,SERVICES,PARLOR
47,FEMALE,MARRIED,2,WALK-IN,,2,CURT,SMB,6.0,OWNED,15.0,1.82,2.388,MANUFACTURING/RETAIL,Security guards uniform and supplies
38,FEMALE,MARRIED,3,PDC,,1,CURT,SMB,2.0,RENTED,7.0,1.5,1.8619999999999999,RETAIL,BEAUTY PRODUCTS
47,FEMALE,SINGLE,3,PDC,,5,CURT,SMB,9.0,OWNED,7.0,1.05,0.938,RETAIL,BEAUTY PRODUCTS
45,FEMALE,MARRIED,3,WALK-IN,"6,959.69",1,PDNP,SMB,30.0,OWNED,2.0,1.94,2.3480000000000003,RETAIL,FOOTWEAR
49,MALE,MARRIED,4,PDC,,8,CURT,SMB,17.0,OWNED,17.0,1.27,1.0,RETAIL,SOFTDRINKS/LIQUOR DELEAR
48,FEMALE,WIDOW,1,WALK-IN,,2,CURT,SMB,17.0,OWNED,22.0,1.89,0.848,RETAIL,BUKO RETAILER
32,FEMALE,SEPARATED,2,WALK-IN,,1,CURT,SMB,6.0,RENTED,6.0,2.63,0.8390000000000001,RETAIL,FISH VENDOR
40,FEMALE,MARRIED,2,WALK-IN,"64,261.18",2,PDNP,SMB,10.0,OWNED,17.0,1.24,0.381,RETAIL,FISH RETAIL
39,FEMALE,WIDOW,4,PDC,,6,CURT,SMB,16.0,OWNED,17.0,1.04,0.6459999999999999,RETAIL,RICE DEALER
34,FEMALE,SINGLE,1,WALK-IN,"6,923.36",2,PDNP,SMB,3.0,MORTGAGED,6.0,1.24,2.16,RETAIL,Gen. Merchandise
41,FEMALE,WIDOW,3,WALK-IN,,1,CURT,SMB,2.0,OWNED,6.0,1.19,0.92,SERVICES,Computer Shop
44,MALE,SINGLE,1,WALK-IN,,17,CURT,SMB,5.0,RENTED,4.0,1.31,0.84,RETAIL,MOTORCYCLE PARTS & ACCESSORIES
49,FEMALE,MARRIED,1,WALK-IN,,1,CURT,SMB,8.0,OWNED,13.0,2.34,1.355,MANUFACTURING,TAILORING
52,FEMALE,SINGLE,2,PDC,,4,CURT,SMB,8.0,RENTED,4.0,0.74,0.28800000000000003,RETAIL,DIRECT SELLING/SARI-SARI STORE
45,FEMALE,MARRIED,2,WALK-IN,,1,CURT,SMB,3.0,OWNED,15.0,1.66,0.6729999999999999,RETAIL,VEGETABLE RETAIL
36,FEMALE,MARRIED,2,WALK-IN,,14,CURT,SMB,6.0,OWNED,13.0,1.14,0.853,RETAIL,SARI SARI STORE
52,FEMALE,SEPARATED,5,WALK-IN,,1,CURT,SMB,12.0,OWNED,12.0,2.33,0.8,RETAIL,MEAT SHOP
50,FEMALE,WIDOW,2,WALK-IN,,1,CURT,SMB,6.0,RENTED,6.0,1.75,2.97,RETAIL,CHICKEN RETAILER
49,FEMALE,MARRIED,3,WALK-IN,,4,CURT,SMB,15.0,OWNED,15.0,2.26,1.0,RETAIL,CHICKEN
27,FEMALE,SINGLE,2,WALK-IN,"1,600.85",3,PDNP,SMB,1.6,SHARED/BORROWED,26.0,1.85,2.9,RETAIL,Baker/Pastry Chef
37,FEMALE,MARRIED,3,WALK-IN,,3,CURT,SMB,2.0,OWNED,2.0,0.76,0.7070000000000001,RETAIL,GENERAL MERCHANDISE
56,FEMALE,MARRIED,0,WALK-IN,,7,CURT,SMB,5.0,OWNED,48.0,1.23,0.47600000000000003,RETAIL,SARI SARI STORE
41,FEMALE,MARRIED,5,WALK-IN,,3,CURT,SMB,1.0,OWNED,16.0,1.01,1.442,RETAIL,GENERAL MERCHANDISE
41,FEMALE,MARRIED,4,WALK-IN,,4,CURT,SMB,11.0,OWNED,13.0,0.8,3.367,WHOLESALE/RETAIL,DRIED FISH
39,FEMALE,SINGLE,2,WALK-IN,,8,CURT,SMB,5.0,OWNED,9.0,1.03,0.601,RETAIL,WET & DRY GOODS
63,FEMALE,MARRIED,3,WALK-IN,,14,CURT,SMB,20.0,OWNED,33.0,2.2,1.3330000000000002,RETAIL,FRUIT DEALER
44,FEMALE,MARRIED,4,PDC,,3,CURT,SMB,6.0,OWNED,12.0,1.2,0.825,SERVICES,EATERY
34,MALE,SINGLE,1,WALK-IN,,1,CURT,SMB,1.5,RENTED,3.0,1.78,2.248,RETAIL,SARI SARI STORE
63,FEMALE,MARRIED,2,AUTO-DEBIT,,8,CURT,SMB,16.0,OWNED,60.0,1.46,1.53,RETAIL,GENERAL MERCHANDISE
34,FEMALE,MARRIED,4,WALK-IN,,5,CURT,SMB,12.0,OWNED,12.0,1.32,1.2,RETAIL,GENERAL MERCHANDISE
64,FEMALE,MARRIED,4,PDC,,19,CURT,SMB,16.0,OWNED,63.0,0.88,,RETAIL,HARDWARE
37,FEMALE,MARRIED,2,WALK-IN,,2,CURT,SMB,3.0,MORTGAGED,3.0,1.42,3.467,RETAIL,SARI SARI STORE
50,FEMALE,MARRIED,2,PDC,,6,CURT,SMB,3.0,OWNED,13.0,1.38,0.7440000000000001,RETAIL/TRADING,RICE DEALER
28,FEMALE,SINGLE,3,WALK-IN,,1,CURT,SMB,2.0,MORTGAGED,20.0,1.33,1.165,RETAIL,VEGETABLE RETAIL
30,MALE,SEPARATED,2,WALK-IN,,1,CURT,SMB,5.0,SHARED/BORROWED,20.0,0.61,0.8,RETAIL,PLASTIC WARE
59,MALE,MARRIED,5,PDC,,10,CURT,SMB,13.0,OWNED,58.0,1.05,1.099,RETAIL,PHARMACY
31,FEMALE,SEPARATED,2,WALK-IN,,1,CURT,SMB,11.0,OWNED,27.0,1.9,3.0,RETAIL,SARI SARI STORE
45,FEMALE,MARRIED,4,WALK-IN,,13,CURT,SMB,11.0,OWNED,6.0,4.55,1.57,MANUFACTURING,GARMENTS
47,FEMALE,MARRIED,1,PDC,,3,CURT,SMB,4.0,OWNED,29.0,1.86,1.3,RETAIL,NATASHA DEALER
32,FEMALE,MARRIED,4,WALK-IN,,9,CURT,SMB,6.0,OWNED,8.0,2.12,1.0,RETAIL,MEAT RETAILER
49,MALE,MARRIED,3,WALK-IN,,1,CURT,SMB,1.6,RENTED,5.0,1.12,3.14,SERVICES,CARINDERIA
39,MALE,SINGLE,0,PDC,,2,CURT,SMB,2.0,RENTED,3.0,4.04,1.226,RETAIL,MOTOR SHOP
36,FEMALE,MARRIED,4,WALK-IN,,15,CURT,SMB,7.0,RENTED,5.0,1.28,2.0,RETAIL/SERVICES,Cellphone accessories and repair Shop
38,FEMALE,MARRIED,2,WALK-IN,,1,CURT,SMB,5.0,OWNED,8.0,1.11,0.61,SERVICES,EATERY
46,FEMALE,SEPARATED,2,PDC,,4,CURT,SMB,9.0,OWNED,9.0,1.61,0.937,WHOLESALE/RETAIL,SCHOOL SUPPLY AND GEN. MERCHANDISE
46,FEMALE,MARRIED,2,PDC,,1,CURT,SMB,9.0,OWNED,20.0,3.11,2.0140000000000002,SERVICES,DIRECT SELLING
56,FEMALE,MARRIED,4,WALK-IN,,12,CURT,SMB,23.0,OWNED,13.0,2.01,1.0,RETAIL,FRUITS DEALER
57,FEMALE,SINGLE,1,WALK-IN,,22,CURT,SMB,24.0,OWNED,56.0,1.65,1.0,RETAIL,SCHOOL SUPPLIES
39,MALE,MARRIED,4,PDC,,2,CURT,SMB,20.0,OWNED,30.0,5.37,0.747,SERVICES,school
48,MALE,WIDOW,0,PDC,"51,846.00",3,PDNP,SMB,5.0,RENTED,7.0,6.67,1.7730000000000001,WHOLESALER,Tiles Dealer
36,FEMALE,SINGLE,0,PDC,,1,CURT,SMB,10.0,OWNED,14.0,1.46,2.332,RETAIL,RTW
41,FEMALE,MARRIED,3,WALK-IN,,1,CURT,SMB,4.0,OWNED,18.0,1.25,2.8480000000000003,RETAIL,SCHOOL SUPPLIES
23,FEMALE,MARRIED,4,WALK-IN,,3,CURT,SMB,8.0,RENTED,4.0,1.82,1.7180000000000002,RETAIL,CELLPHONE ACCESSORIES RETAILER
34,FEMALE,SINGLE,0,PDC,,2,CURT,SMB,6.0,OWNED,17.0,1.41,2.141,RETAIL,GENERAL MERCHANDISE
49,FEMALE,SEPARATED,1,PDC,,2,CURT,SMB,10.0,OWNED,9.0,1.66,2.082,WHOLESALE/RETAIL,GENERAL MERCHANDISED
35,MALE,MARRIED,2,PDC,,1,CURT,SMB,3.0,OWNED,6.0,2.02,2.565,RETAIL/TRADING,XEROX COPY
37,FEMALE,MARRIED,3,PDC,,1,CURT,SMB,6.0,RENTED,4.0,1.38,1.163,RETAIL,RTW
50,FEMALE,SINGLE,2,PDC,,3,CURT,SMB,22.0,RENTED,10.0,1.42,0.752,WHOLESALE/RETAIL/TRADE,DIRECT SELLING / RICE RETAILER AND SILVER JEWELRY
51,FEMALE,SEPARATED,4,PDC,,2,CURT,SMB,15.0,OWNED,18.0,0.96,1.344,RETAIL/TRADE/SERVICES,PARTY NEEDS
31,FEMALE,MARRIED,5,WALK-IN,,3,CURT,SMB,18.0,OWNED,4.0,1.8,2.153,RETAIL,CELLPHONE ACCESSORIES RETAILER
34,MALE,MARRIED,1,PDC,,1,CURT,SMB,10.0,OWNED,10.0,1.27,0.917,RETAIL,HARDWARE SUPPLY
40,FEMALE,SINGLE,2,PDC,,1,CURT,SMB,13.0,OWNED,14.0,2.1,2.4,RETAIL,RTW
43,MALE,MARRIED,2,PDC,,2,CURT,SMB,16.0,OWNED,16.0,2.14,2.748,RETAIL,"Cellphone, Gadgets & Accessories"
48,FEMALE,SINGLE,0,WALK-IN,,2,CURT,SMB,5.0,OWNED,31.0,1.16,0.9209999999999999,RETAIL,PLANTS & PETSHOP
55,FEMALE,SINGLE,1,PDC,,2,CURT,SMB,6.0,OWNED,31.0,1.26,1.072,RETAIL,General Merchandised
56,FEMALE,SINGLE,0,PDC,,1,CURT,SMB,25.0,RENTED,3.0,1.78,0.845,SERVICES,DIRECT SELLING
52,FEMALE,MARRIED,3,PDC,,1,CURT,SMB,20.0,OWNED,28.0,1.31,1.569,MANUFACTURING,TAILORING
43,FEMALE,MARRIED,2,PDC,,2,CURT,SMB,7.0,RENTED,1.0,2.02,1.455,RETAIL/TRADING,NATASHA FASHION PRO 2
58,FEMALE,MARRIED,1,PDC,,2,CURT,SMB,20.0,OWNED,20.0,1.95,1.964,SERVICES,TAILORING AND DRESS MAKING SHOP
31,MALE,MARRIED,3,WALK-IN,,2,CURT,SMB,1.0,OWNED,26.0,0.91,2.678,SERVICES,Grab Taxi / Hardware / Gen. Merchandised
58,FEMALE,MARRIED,1,WALK-IN,,1,CURT,SMB,17.0,OWNED,38.0,1.11,0.8440000000000001,RETAIL,GEN. MERCHANDISE
38,FEMALE,MARRIED,2,PDC,,2,CURT,SMB,12.0,OWNED,12.0,1.07,1.256,RETAIL/TRADING,JEWELRY AND REPAIR SHOP
56,FEMALE,SINGLE,2,PDC,,2,CURT,SMB,18.0,OWNED,20.0,2.1,2.5,SERVICES,TRANSPORT OPERATOR
52,FEMALE,MARRIED,0,WALK-IN,,2,CURT,SMB,6.0,OWNED,30.0,1.29,1.216,SERVICES,BEAUTY SALON
53,MALE,MARRIED,4,WALK-IN,,3,CURT,SMB,24.0,OWNED,24.0,0.96,0.774,RETAIL,Sari-Sari Store
61,MALE,MARRIED,0,WALK-IN,,3,CURT,SMB,16.0,OWNED,18.0,1.39,0.855,SERVICES,DIRECT SELLING
37,MALE,SINGLE,4,PDC,,2,CURT,SMB,14.0,OWNED,17.0,2.3,28.95,RETAIL,"Cellphones, gadgets, Accessories & Repair Shop"
59,FEMALE,SINGLE,1,PDC,,2,CURT,SMB,17.0,OWNED,17.0,0.9,0.9440000000000001,RETAIL,GENERAL MERCHANDISED
57,FEMALE,MARRIED,2,PDC,,2,CURT,SMB,11.0,OWNED,16.0,2.94,0.968,SERVICES,CANTEEN @ VIDEOKE
36,FEMALE,MARRIED,2,PDC,,3,CURT,SMB,9.0,OWNED,3.0,1.35,1.527,RETAIL,"Cellphones, gadgets, Accessories & Repair Shop"
51,FEMALE,MARRIED,4,PDC,,2,CURT,SMB,4.0,OWNED,25.0,1.78,1.054,RETAIL,SERVICE CENTER / GENERAL MERCHANDISE
33,MALE,MARRIED,1,WALK-IN,,1,CURT,SMB,10.0,SHARED/BORROWED,33.0,2.41,1.19,RETAIL,MEAT SHOP
55,FEMALE,MARRIED,3,WALK-IN,,1,CURT,SMB,8.0,OWNED,7.5,1.07,0.794,RETAIL,VEGETABLE RETAIL
26,FEMALE,SINGLE,2,WALK-IN,,1,CURT,SMB,3.0,OWNED,3.0,1.29,1.04,SERVICES,CARINDERIA
53,FEMALE,WIDOW,4,WALK-IN,,1,CURT,SMB,3.0,RENTED,5.0,1.58,0.835,SERVICES,EATERY
49,FEMALE,MARRIED,0,WALK-IN,,1,CURT,SMB,11.0,OWNED,24.0,1.67,1.5,RETAIL,SARI SARI STORE
50,FEMALE,WIDOW,3,WALK-IN,"8,560.65",3,PDNP,ANB,20.0,OWNED,29.0,1.77,0.6729999999999999,RETAIL,PASALUBONG DELICACIES
40,FEMALE,MARRIED,2,WALK-IN,"16,569.95",2,PDNP,ANB,6.0,SHARED/BORROWED,6.0,1.04,0.2,SERVICES,CARINDERIA
51,FEMALE,WIDOW,1,WALK-IN,"17,779.45",1,PDNP,ANB,1.0,SHARED/BORROWED,25.0,1.13,1.32,RETAIL,MEAT SHOP
63,FEMALE,WIDOW,1,WALK-IN,"15,813.93",1,PDNP,ANB,1.0,SHARED/BORROWED,31.0,1.56,0.856,RETAIL,MEAT DEALER
57,FEMALE,WIDOW,1,WALK-IN,"25,070.14",6,PDNP,ANB,3.0,OWNED,26.0,1.25,0.377,SERVICES,CARINDERIA
35,FEMALE,MARRIED,0,WALK-IN,"8,462.83",3,PDNP,ANB,2.0,OWNED,6.0,1.55,0.5920000000000001,RETAIL,SARI SARI STORE
47,FEMALE,MARRIED,2,WALK-IN,"1,375.13",4,PDNP,ANB,12.0,OWNED,44.0,1.19,0.9129999999999999,RETAIL/SERVICES,SARI SARI STORE/CARINDERIA
40,MALE,SINGLE,2,WALK-IN,"94,217.37",7,PDNP,ANB,1.0,MORTGAGED,7.0,0.19,0.348,RETAIL,DRESSED CHICKEN DEALER
41,FEMALE,MARRIED,2,WALK-IN,"17,757.08",1,PDNP,ANB,6.0,OWNED,6.0,1.12,1.4,RETAIL,MINI GROCERY
56,FEMALE,WIDOW,2,WALK-IN,"62,811.43",9,PDNP,ANB,8.0,OWNED,15.0,1.24,0.488,RETAIL,MINI GROCERY
30,MALE,SINGLE,1,WALK-IN,"47,733.49",1,PDNP,ANB,8.0,RENTED,8.0,2.15,0.625,RETAIL,VEGETABLE RETAIL
47,MALE,MARRIED,3,WALK-IN,"10,594.73",8,PDNP,ANB,8.0,RENTED,9.0,2.19,0.625,RETAIL,BANANA RETAIL
45,FEMALE,MARRIED,3,PDC,"4,987.34",1,PDNP,ANB,12.0,OWNED,17.0,3.81,1.9269999999999998,SERVICES,FOOD INDUSTRY
47,MALE,SINGLE,1,WALK-IN,"27,218.58",2,PDNP,ANB,3.0,RENTED,8.0,1.33,0.894,MANUFACTURING,GARMENTS
51,MALE,WIDOW,3,PDC,"67,882.20",1,PDNP,ANB,4.0,MORTGAGED,10.0,1.59,0.81,SERVICES,CANTEEN
39,FEMALE,MARRIED,3,PDC,,5,CURT,ANB,6.0,OWNED,39.0,1.71,0.8540000000000001,WHOLESALE/RETAIL,RTW
59,FEMALE,MARRIED,1,WALK-IN,,4,CURT,ANB,6.0,SHARED/BORROWED,59.0,4.86,0.983,MANUFACTURING,RTW
44,FEMALE,MARRIED,3,PDC,,2,CURT,ANB,3.0,OWNED,20.0,3.44,1.5419999999999998,SERVICES,RESTAURANT
45,FEMALE,MARRIED,3,WALK-IN,"142,598.21",10,PDNP,ANB,25.0,OWNED,25.0,3.66,2.3280000000000003,MANUFACTURING,BAKERY
63,FEMALE,WIDOW,1,WALK-IN,,19,CURT,ANB,9.0,OWNED,38.0,1.47,0.5,RETAIL,SARI SARI STORE
40,FEMALE,MARRIED,3,WALK-IN,"24,656.71",1,PDNP,ANB,14.0,RENTED,33.0,9.02,4.6530000000000005,RETAIL,VEGETABLE DEALER
50,FEMALE,MARRIED,5,PDC,,10,CURT,ANB,23.0,OWNED,50.0,1.12,1.003,RETAIL,SARI SARI STORE
39,MALE,MARRIED,2,PDC,,1,CURT,ANB,8.0,OWNED,13.0,1.02,0.894,SERVICES,RESTAURANT
47,FEMALE,MARRIED,3,PDC,,1,CURT,ANB,10.0,SHARED/BORROWED,11.0,2.55,3.533,MANUFACTURING,DRESS SHOP
49,MALE,MARRIED,2,PDC,,10,CURT,ANB,6.0,OWNED,19.0,1.64,0.934,WHOLESALE/RETAIL,SARI SARI STORE
37,FEMALE,MARRIED,0,WALK-IN,,1,CURT,ANB,1.0,OWNED,9.0,1.03,3.2,NANUFACTURING,HOLLOWBLOCKS
37,MALE,MARRIED,4,PDC,,18,CURT,ANB,7.0,RENTED,15.0,2.29,1.251,SERVICES/RETAIL,MOTOR PARTS/SERVICES
51,FEMALE,WIDOW,2,PDC,,3,CURT,ANB,11.0,OWNED,17.0,1.74,0.488,SERVICES,MWK TRADING AND PRINTING SERVICES
53,MALE,MARRIED,3,PDC,"83,963.79",4,PDNP,ANB,10.0,OWNED,20.0,1.29,0.7,RETAIL,SOFTDRINKS DEALER
37,FEMALE,SINGLE,5,WALK-IN,,12,CURT,ANB,14.0,OWNED,14.0,2.01,0.975,RETAIL,FROZEN GOODS
32,MALE,SINGLE,2,WALK-IN,,5,CURT,ANB,6.0,SHARED/BORROWED,11.0,1.05,0.8370000000000001,RETAIL,FROZEN GOODS
44,MALE,MARRIED,4,PDC,"72,271.97",1,PDNP,ANB,7.0,SHARED/BORROWED,25.0,1.67,1.0659999999999998,RETAIL,POULTRY SUPPLIES
53,FEMALE,MARRIED,1,PDC,,5,CURT,ANB,9.0,OWNED,53.0,2.12,0.958,WHOLESALE/RETAIL,RTW
34,FEMALE,MARRIED,3,PDC,,5,CURT,ANB,8.0,OWNED,30.0,1.62,1.357,WHOLESALE/RETAIL,RTW
55,MALE,MARRIED,0,WALK-IN,"48,865.69",3,PDNP,ANB,15.0,OWNED,25.0,1.22,0.467,RETAIL,BREADS RETAIL
49,FEMALE,SEPARATED,3,PDC,,1,CURT,ANB,12.0,SHARED/BORROWED,6.0,1.55,0.867,SERVICES,PROFESSIONAL SERVICES
43,MALE,MARRIED,2,PDC,,6,CURT,ANB,13.0,OWNED,14.0,1.68,0.991,WHOLESALE/RETAIL,MOTORCYCLE PARTS & ACCESSORIES
57,FEMALE,MARRIED,4,PDC,,3,CURT,ANB,15.0,OWNED,57.0,2.84,1.1179999999999999,RETAIL/WHOLESALE/TRADE,ANIMAL FEED STORE
48,FEMALE,MARRIED,3,WALK-IN,"20,259.01",1,PDNP,ANB,2.0,OWNED,2.0,1.21,1.389,RETAIL,RTW
37,MALE,SINGLE,0,WALK-IN,"113,404.02",3,PDNP,ANB,9.0,SHARED/BORROWED,25.0,1.29,0.892,SERVICES,CARINDERIA
37,FEMALE,MARRIED,2,PDC,,1,CURT,ANB,2.0,SHARED/BORROWED,37.0,1.54,1.067,MANUFACTURING,RTW
48,FEMALE,MARRIED,3,WALK-IN,"6,358.09",2,PDNP,ANB,10.0,OWNED,45.0,10.43,8.213,SERVICES,TAILORING
49,FEMALE,MARRIED,1,PDC,"85,554.14",1,PDNP,ANB,15.0,OWNED,47.0,1.61,0.48,RETAIL,HARDWARE
32,FEMALE,MARRIED,1,WALK-IN,"1,644.07",3,PDNP,ANB,8.0,OWNED,10.0,1.39,1.35,RETAIL,SARI SARI STORE
56,FEMALE,MARRIED,1,WALK-IN,"2,795.10",1,PDNP,ANB,5.0,OWNED,25.0,1.7,0.833,SERVICES,CARINDERIA
45,FEMALE,MARRIED,3,WALK-IN,"4,986.72",1,PDNP,ANB,8.0,OWNED,18.0,1.35,0.6,RETAIL,SARI SARI STORE
42,MALE,MARRIED,3,WALK-IN,"2,918.56",8,PDNP,ANB,11.0,OWNED,11.0,1.56,1.4,RETAILER,SARI SARI STORE
41,FEMALE,MARRIED,5,WALK-IN,"15,875.93",6,PDNP,ANB,15.0,OWNED,12.0,1.98,0.575,RETAIL,MEAT & CHICKEN
34,FEMALE,SINGLE,3,WALK-IN,"6,157.16",1,PDNP,ANB,3.0,RENTED,3.0,1.23,1.225,MANUFACTURING,BAKERY
37,FEMALE,MARRIED,4,PDC,"145,408.51",7,PDNP,PASIG,16.0,SHARED/BORROWED,16.0,3.34,0.188,RETAIL,GENERAL MERCHANDISE
32,FEMALE,MARRIED,3,WALK-IN,"20,406.33",10,PDNP,ANB,3.0,OWNED,6.0,1.75,0.5329999999999999,RETAIL,Sari-Sari Store
44,MALE,MARRIED,2,WALK-IN,"24,265.99",3,PDNP,PASIG,3.0,OWNED,7.0,1.47,1.2429999999999999,RETAIL,SARI SARI STORE
34,FEMALE,MARRIED,4,WALK-IN,,1,CURT,ANB,6.0,OWNED,12.0,2.37,2.187,MANUFACTURING,GARMENTS
52,FEMALE,MARRIED,3,WALK-IN,100.00,9,PDNP,ANB,6.0,SHARED/BORROWED,28.0,1.46,1.8330000000000002,SERVICES,Computer Shop
35,FEMALE,MARRIED,5,WALK-IN,,1,CURT,ANB,6.0,OWNED,15.0,2.39,0.8370000000000001,RETAIL,SARI SARI STORE
35,FEMALE,SINGLE,1,WALK-IN,"9,668.07",8,PDNP,ANB,5.0,RENTED,5.0,4.01,1.055,RETAIL,Meat Retailer
48,FEMALE,MARRIED,4,PDC,,1,CURT,ANB,16.0,OWNED,25.0,3.75,4.916,RETAIL,PAINT CENTER & HARDWARE
47,FEMALE,MARRIED,3,WALK-IN,"41,061.30",13,PDNP,ANB,13.0,OWNED,27.0,1.0,5.0,RETAIL,Buy and sell
59,FEMALE,WIDOW,2,PDC,,8,CURT,PASIG,20.0,RENTED,10.0,2.53,0.107,RETAIL,MEAT SHOP
52,FEMALE,MARRIED,1,PDC,,2,CURT,PASIG,3.0,OWNED,7.0,1.37,1.024,SERVICES,TAPSIHAN
50,FEMALE,MARRIED,3,PDC,"41,774.56",1,PDNP,ANB,12.0,OWNED,12.0,3.06,0.9640000000000001,WHOLESALE/RETAIL,MINI MART
34,FEMALE,MARRIED,5,PDC,"43,750.37",3,PDNP,ANB,6.0,RENTED,16.0,1.8,1.04,MANUFACTURING,BAKERY
49,FEMALE,MARRIED,2,WALK-IN,"17,719.47",11,PDNP,ANB,14.0,RENTED,4.0,1.16,1.3330000000000002,MANUFACTURING,Carinderia
43,FEMALE,MARRIED,4,PDC,"38,456.06",1,PDNP,ANB,10.0,RENTED,10.0,3.25,1.29,MANUFACTURING,BAKERY
43,FEMALE,WIDOW,2,PDC,,1,CURT,PASIG,20.0,RENTED,7.0,3.04,1.6380000000000001,WHOLESALE/RETAIL,RTW
47,FEMALE,MARRIED,2,PDC,,8,CURT,PASIG,16.0,OWNED,45.0,2.25,1.1159999999999999,RETAIL,GENERAL MERCHANDISE
53,FEMALE,MARRIED,2,WALK-IN,"3,512.47",2,PDNP,ANB,16.0,OWNED,20.0,1.27,1.54,RETAIL,SARI SARI STORE
39,MALE,MARRIED,4,WALK-IN,"6,362.71",11,PDNP,ANB,4.0,SHARED/BORROWED,36.0,1.63,0.9620000000000001,RETAIL,sari-sari store
35,MALE,SINGLE,0,PDC,,6,CURT,PASIG,5.0,RENTED,10.0,1.11,0.183,SERVICES,SALON
53,FEMALE,MARRIED,5,PDC,,7,CURT,PASIG,15.0,RENTED,15.0,1.39,0.156,RETAIL,RTW
50,FEMALE,MARRIED,4,WALK-IN,,13,CURT,PASIG,13.0,OWNED,13.0,0.95,0.225,SERVICES,COMPUTER PARTS RETAIL
48,FEMALE,MARRIED,3,WALK-IN,"9,412.73",7,PDNP,ANB,21.0,OWNED,21.0,1.49,0.642,RETAIL,Sari-sari Store
50,FEMALE,SEPARATED,3,WALK-IN,"4,804.17",1,PDNP,ANB,7.0,OWNED,21.0,1.56,1.205,RETAIL,SARI SARI STORE
51,FEMALE,SEPARATED,3,WALK-IN,"13,643.41",1,PDNP,ANB,7.0,OWNED,21.0,2.21,1.56,RETAIL/SERVICES,SARI-SARI STORE/CARINDERIA
32,FEMALE,SINGLE,2,WALK-IN,"22,505.18",1,PDNP,ANB,8.0,RENTED,8.0,4.66,0.64,RETAIL,SARI SARI STORE
41,FEMALE,SINGLE,3,WALK-IN,"3,128.36",4,PDNP,ANB,20.0,OWNED,20.0,1.11,0.583,RETAIL,FISH RETAIL
39,FEMALE,MARRIED,1,WALK-IN,"9,893.12",2,PDNP,ANB,2.0,OWNED,5.0,1.74,1.0270000000000001,RETAIL,SARI SARI STORE
39,FEMALE,MARRIED,1,WALK-IN,"3,547.31",2,PDNP,ANB,2.0,OWNED,5.0,1.54,0.447,RETAIL,SARI SARI STORE
46,FEMALE,WIDOW,2,WALK-IN,"11,919.92",4,PDNP,ANB,4.0,RENTED,4.0,1.21,1.0,SERVICES,CARINDERIA
39,FEMALE,MARRIED,3,WALK-IN,"1,322.17",7,PDNP,ANB,6.0,OWNED,30.0,1.27,1.025,RETAIL,Sari-Sari Store
41,FEMALE,MARRIED,2,WALK-IN,"10,122.01",7,PDNP,ANB,5.0,OWNED,39.0,2.31,2.225,RETAIL,Sari-Sari Store
59,MALE,MARRIED,1,WALK-IN,"16,934.15",5,PDNP,ANB,3.0,RENTED,5.0,1.61,0.37,MANUFACTURING,CARINDERIA
60,FEMALE,MARRIED,1,WALK-IN,"15,911.11",2,PDNP,ANB,3.0,RENTED,5.0,1.13,0.797,SERVICES,CARINDERIA
54,FEMALE,MARRIED,1,WALK-IN,"3,048.10",1,PDNP,ANB,35.0,OWNED,35.0,1.26,0.42700000000000005,RETAIL,PASALUBONG DELICACIES
15,FEMALE,MARRIED,1,WALK-IN,,1,CURT,ANB,4.0,OWNED,15.0,0.72,0.556,RETAIL,ENTERPRISE
38,MALE,MARRIED,2,WALK-IN,,4,CURT,ANB,30.0,OWNED,45.0,1.58,0.55,RETAIL,VEGETABLES
38,FEMALE,SINGLE,2,WALK-IN,"13,610.87",1,PDNP,ANB,4.0,RENTED,5.0,1.51,1.8,RETAIL,RTW
24,FEMALE,SINGLE,0,PDC,,3,CURT,ANB,3.0,SHARED/BORROWED,23.0,1.35,1.508,RETAIL,AUTO SUPPLY
40,FEMALE,WIDOW,4,WALK-IN,,3,CURT,ANB,10.0,OWNED,28.0,5.57,0.948,MANUFACTURING,RTW
25,FEMALE,SINGLE,0,WALK-IN,,1,CURT,ANB,3.0,SHARED/BORROWED,25.0,2.56,2.233,RETAIL,RTW
56,FEMALE,SINGLE,0,WALK-IN,,2,CURT,ANB,10.0,OWNED,56.0,4.29,1.636,RETAIL,SARI SARI STORE
40,FEMALE,SINGLE,5,WALK-IN,"7,954.05",4,PDNP,ANB,17.0,SHARED/BORROWED,20.0,1.63,1.6369999999999998,SERVICES,CARINDERIA
37,FEMALE,MARRIED,2,WALK-IN,"3,247.52",1,PDNP,ANB,4.0,OWNED,12.0,1.29,1.0390000000000001,SERVICES,SALON
45,FEMALE,MARRIED,5,WALK-IN,,2,CURT,ANB,3.0,RENTED,10.0,1.12,2.2,RETAIL,SARI SARI STORE
37,FEMALE,MARRIED,1,PDC,,4,CURT,ANB,3.0,OWNED,33.0,1.19,1.052,RETAIL,BIGASAN
47,FEMALE,MARRIED,2,WALK-IN,,4,CURT,ANB,6.0,RENTED,15.0,1.79,1.0290000000000001,RETAIL,RTW
51,FEMALE,SINGLE,2,WALK-IN,,2,CURT,ANB,2.0,OWNED,3.0,1.96,1.156,RETAIL,MANUFACTURING
45,FEMALE,MARRIED,5,WALK-IN,,6,CURT,ANB,21.0,OWNED,11.0,1.48,1.0170000000000001,MANUFACTURING,BAKERY & SARI-SARI STORE
41,FEMALE,MARRIED,3,WALK-IN,,4,CURT,ANB,7.0,OWNED,7.0,0.95,0.973,RETAIL,SARI SARI STORE
37,FEMALE,SINGLE,0,PDC,,2,CURT,ANB,15.0,OWNED,16.0,3.28,1.032,RETAIL,"BUKO, ULING & WRAPPER"
31,FEMALE,MARRIED,2,WALK-IN,,1,CURT,ANB,3.0,SHARED/BORROWED,10.0,1.44,1.4669999999999999,RETAIL,RTW
47,FEMALE,MARRIED,3,WALK-IN,,11,CURT,ANB,9.0,RENTED,10.0,1.58,1.035,RETAIL,SARI SARI STORE
47,FEMALE,MARRIED,3,WALK-IN,,2,CURT,ANB,3.0,OWNED,5.0,1.4,2.636,RETAIL,GULAYAN AND MEATSHOP
24,FEMALE,MARRIED,4,WALK-IN,,1,CURT,ANB,10.0,RENTED,5.0,2.24,1.36,RETAIL,MEAT SHOP
57,FEMALE,MARRIED,0,WALK-IN,,1,CURT,ANB,16.0,OWNED,16.0,1.82,0.794,RETAIL,VEGETABLE
42,FEMALE,MARRIED,2,PDC,,1,CURT,ANB,12.0,OWNED,27.0,1.35,3.992,RETAIL/SERVICES,GILINGAN
29,MALE,MARRIED,0,WALK-IN,,2,CURT,ANB,7.0,OWNED,3.0,4.75,1.8330000000000002,WHOLESALE/RETAIL,MINI GROCERY
39,FEMALE,SINGLE,1,WALK-IN,,1,CURT,ANB,10.0,RENTED,10.0,1.22,1.76,WHOLESALE,GARMENTS/SUBCON
48,FEMALE,MARRIED,4,WALK-IN,"41,617.67",1,PDNP,ANB,18.0,OWNED,48.0,1.9,1.14,RETAIL,FISH VENDOR
29,FEMALE,MARRIED,2,PDC,,4,CURT,ANB,7.0,RENTED,20.0,1.47,1.25,WHOLESALE/RETAIL,AUTO SUPPLY
33,FEMALE,SINGLE,1,WALK-IN,,1,CURT,ANB,5.0,SHARED/BORROWED,7.0,0.61,0.555,RETAIL,RTW
46,FEMALE,MARRIED,3,WALK-IN,,5,CURT,ANB,6.0,OWNED,46.0,3.9,1.032,RETAIL,RTW
56,FEMALE,MARRIED,5,WALK-IN,,6,CURT,ANB,3.0,OWNED,10.0,1.03,0.695,RETAIL,SARI SARI STORE
49,MALE,MARRIED,3,WALK-IN,"15,467.48",1,PDNP,PASIG,3.0,OWNED,34.0,4.29,9.263,SERVICES,LAUNDRY
39,FEMALE,MARRIED,5,WALK-IN,"16,695.21",1,PDNP,ANB,25.0,MORTGAGED,4.0,3.49,2.086,SERVICES,EATERY
29,MALE,MARRIED,1,WALK-IN,"14,964.64",3,PDNP,ANB,10.0,SHARED/BORROWED,20.0,2.1,1.3030000000000002,RETAIL,FISH RETAILER / TALIPAPA
42,MALE,SINGLE,5,PDC,"89,041.40",11,PDNP,ANB,25.0,OWNED,11.0,1.56,0.94,RETAIL,HARDWARE
45,FEMALE,WIDOW,3,WALK-IN,"32,940.32",3,PDNP,ANB,3.0,OWNED,5.0,1.48,1.246,SERVICES,PRINTING
58,FEMALE,SINGLE,3,WALK-IN,"9,114.49",1,PDNP,ANB,20.0,SHARED/BORROWED,57.0,2.2,3.832,RETAIL,MEAT RETAILER
31,FEMALE,MARRIED,5,WALK-IN,"6,093.62",2,PDNP,ANB,6.0,OWNED,20.0,1.02,1.246,RETAIL/WHOLESALE/TRADE,RTW
41,FEMALE,MARRIED,4,WALK-IN,"8,146.99",1,PDNP,ANB,5.0,SHARED/BORROWED,39.0,1.97,3.7289999999999996,RETAIL/SERVICES,SARI SARI STORE AND CARINDERIA
40,FEMALE,MARRIED,4,WALK-IN,"1,500.01",1,PDNP,ANB,2.0,SHARED/BORROWED,36.0,7.22,2.824,RETAIL/WHOLESALE/TRADE,RTW
47,MALE,MARRIED,4,WALK-IN,168.33,3,PDNP,PASIG,3.0,RENTED,16.0,1.06,0.337,RETAIL,SARI SARI STORE
43,FEMALE,MARRIED,3,PDC,,2,CURT,PASIG,3.0,RENTED,12.0,1.91,1.141,MANUFACTURING,RTW
55,FEMALE,SINGLE,4,PDC,,2,CURT,PASIG,5.0,RENTED,15.0,3.12,3.15,RETAIL,RTW
42,FEMALE,WIDOW,1,PDC,,5,CURT,PASIG,12.0,OWNED,10.0,1.29,1.355,WHOLESALE,SOFTDRINKS DEALER
58,FEMALE,MARRIED,6,PDC,,20,CURT,PASIG,25.0,OWNED,30.0,0.83,0.37200000000000005,RETAIL,SARI SARI STORE
55,MALE,SINGLE,1,WALK-IN,,1,CURT,PASIG,4.0,OWNED,20.0,1.99,1.145,RETAIL,MEAT SHOP
51,FEMALE,MARRIED,3,PDC,"24,568.76",5,PDNP,PASIG,15.0,OWNED,20.0,4.59,3.745,RETAIL,MEAT SHOP
31,MALE,MARRIED,3,WALK-IN,,2,CURT,PASIG,10.0,OWNED,31.0,2.96,4.0,WHOLESALE/RETAIL,RTW
58,FEMALE,WIDOW,2,PDC,,2,CURT,PASIG,10.0,SHARED/BORROWED,11.0,1.47,1.032,WHOLESALE/RETAIL,RTW
45,FEMALE,MARRIED,3,WALK-IN,,4,CURT,PASIG,5.0,OWNED,23.0,2.6,1.064,SERVICES,EATERY
35,FEMALE,MARRIED,4,WALK-IN,,2,CURT,PASIG,7.0,OWNED,13.0,5.89,1.493,WHOLESALE/RETAIL,VEGETABLE DEALER
40,MALE,MARRIED,3,WALK-IN,,1,CURT,PASIG,10.0,OWNED,5.0,2.84,1.375,WHOLESALE/RETAIL,VEGETABLES
55,MALE,WIDOW,4,WALK-IN,,4,CURT,PASIG,10.0,SHARED/BORROWED,30.0,1.25,0.8220000000000001,SERVICES,CELLPHONE REPAIR
40,FEMALE,SEPARATED,3,WALK-IN,,4,CURT,PASIG,2.0,OWNED,40.0,2.11,0.725,SERVICES,EATERY
57,FEMALE,MARRIED,4,PDC,,3,CURT,PASIG,20.0,OWNED,31.0,0.86,0.258,RETAIL,VEGETABLE/GROCERY
59,FEMALE,MARRIED,2,PDC,,13,CURT,PASIG,15.0,OWNED,13.0,1.42,1.912,RETAIL,MINI GROCERY
34,MALE,MARRIED,2,PDC,,1,CURT,PASIG,2.0,RENTED,4.0,3.21,2.476,WHOLESALE/RETAIL,TEXTILE
36,MALE,SINGLE,0,PDC,,2,CURT,PASIG,4.0,RENTED,13.0,1.91,2.457,MANUFACTURING,RTW
39,MALE,MARRIED,1,PDC,,4,CURT,PASIG,10.0,RENTED,20.0,1.22,2.0340000000000003,RETAIL,SARI SARI STORE
49,FEMALE,WIDOW,4,WALK-IN,,2,CURT,PASIG,16.0,SHARED/BORROWED,24.0,0.82,0.35600000000000004,SERVICES,CARINDERIA
48,MALE,SINGLE,0,WALK-IN,,2,CURT,PASIG,3.0,OWNED,5.0,1.25,0.6579999999999999,SERVICES,TAPSIHAN
36,FEMALE,MARRIED,1,PDC,,6,CURT,PASIG,6.0,RENTED,8.0,2.71,0.72,SERVICES,INTERNET SHOP
36,MALE,SINGLE,0,PDC,"25,801.34",6,PDNP,PASIG,1.0,SHARED/BORROWED,34.0,3.0,1.9980000000000002,RETAIL,CANTEEN
47,FEMALE,MARRIED,2,WALK-IN,,5,CURT,PASIG,15.0,OWNED,15.0,0.98,0.86,RETAIL,MEAT/VEGETABLE
42,MALE,SINGLE,0,WALK-IN,,10,CURT,PASIG,4.0,OWNED,4.0,3.1,1.0,WHOLESALE/RETAIL,VEGETABLES
57,FEMALE,SINGLE,0,WALK-IN,"7,505.61",4,PDNP,PASIG,12.0,OWNED,12.0,2.08,2.412,RETAIL,SARI-SARI STORES
55,FEMALE,MARRIED,0,WALK-IN,,4,CURT,PASIG,43.0,OWNED,45.0,0.97,1.097,RETAIL,VEGETABLES
36,MALE,MARRIED,3,WALK-IN,"22,239.35",2,PDNP,PASIG,5.0,OWNED,23.0,1.87,3.074,MANUFACTURING,RTW
58,FEMALE,WIDOW,1,WALK-IN,"15,640.93",2,PDNP,PASIG,6.0,OWNED,10.0,4.5,8.613,MANUFACTURING,RTW
35,FEMALE,MARRIED,3,PDC,,4,CURT,PASIG,15.0,OWNED,33.0,0.68,0.605,RETAIL,FISH RETAIL
41,FEMALE,MARRIED,2,PDC,,13,CURT,PASIG,29.0,OWNED,20.0,1.41,2.033,RETAIL,SARI SARI STORE
41,FEMALE,MARRIED,4,WALK-IN,"22,166.52",1,PDNP,ANB,10.0,OWNED,23.0,1.99,2.772,RETAIL,JEWELRY
41,FEMALE,SEPARATED,3,WALK-IN,"9,773.99",1,PDNP,ANB,15.0,OWNED,22.0,1.43,1.4,RETAIL,FRUITS AND VEGETABLES
41,FEMALE,WIDOW,3,WALK-IN,"13,609.77",1,PDNP,ANB,23.0,SHARED/BORROWED,42.0,1.33,1.033,WHOLESALE/RETAIL,MEAT AND CHICKEN DEALER
44,FEMALE,SEPARATED,2,WALK-IN,"29,022.86",2,PDNP,ANB,7.0,OWNED,7.0,1.76,1.224,WHOLESALE/RETAIL,GULAYAN/GENERAL MERCHANDISE
26,FEMALE,MARRIED,2,WALK-IN,"16,661.41",1,PDNP,ANB,6.0,OWNED,6.0,1.01,2.316,RETAIL,SARI SARI STORE
33,FEMALE,SINGLE,2,WALK-IN,"9,978.49",1,PDNP,ANB,7.0,SHARED/BORROWED,10.0,1.88,0.64,SERVICES,CARINDERIA
31,FEMALE,SINGLE,2,WALK-IN,"15,204.50",1,PDNP,ANB,8.0,RENTED,6.0,1.6,0.7340000000000001,RETAIL,FISH VENDOR
41,FEMALE,MARRIED,2,WALK-IN,"8,573.22",1,PDNP,ANB,5.0,OWNED,20.0,1.82,1.24,RETAIL,FRUIT DEALER
43,FEMALE,SINGLE,1,WALK-IN,"9,852.20",1,PDNP,CAVITE,10.0,OWNED,21.0,1.35,3.2960000000000003,RETAIL,SARI SARI STORE
43,FEMALE,MARRIED,2,PDC,,1,CURT,CAVITE,4.0,OWNED,19.0,3.12,4.218,RETAIL/SERVICES,SARI SARI STORE
29,MALE,MARRIED,1,PDC,"24,470.53",1,PDNP,CAVITE,3.0,RENTED,3.0,2.49,2.735,FOOD PROCESSING,BAKE SHOP
43,FEMALE,MARRIED,2,WALK-IN,,1,CURT,CAVITE,5.0,OWNED,9.0,1.37,0.539,RETAIL,MEAT SHOP
39,FEMALE,SINGLE,0,WALK-IN,"21,535.43",1,PDNP,CAVITE,5.0,OWNED,11.0,1.2,3.5810000000000004,RETAIL,Grocery
41,FEMALE,SEPARATED,1,WALK-IN,"45,218.77",1,PDNP,CAVITE,3.0,OWNED,3.0,1.86,1.985,RETAIL,GEN.MERCHANDISE
54,FEMALE,MARRIED,1,WALK-IN,"36,337.81",1,PDNP,CAVITE,21.0,OWNED,21.0,2.66,1.091,RETAIL,MEAT/VEGETABLE
23,FEMALE,SINGLE,0,WALK-IN,,1,CURT,CAVITE,10.0,OWNED,23.0,2.06,4.308,SERVICES,PRINTING
53,MALE,MARRIED,2,WALK-IN,,1,CURT,CAVITE,13.0,OWNED,13.0,1.07,3.0989999999999998,MANUFACTURING,RTW
38,FEMALE,MARRIED,2,WALK-IN,,1,CURT,CAVITE,10.0,OWNED,17.0,2.44,1.493,RETAIL,VEGETABLE RETAIL
45,FEMALE,MARRIED,2,PDC,,1,CURT,CAVITE,25.0,OWNED,45.0,7.85,2.0780000000000003,Retail,School Supplies
29,FEMALE,MARRIED,1,WALK-IN,"22,896.10",1,PDNP,CAVITE,10.0,SHARED/BORROWED,20.0,1.11,3.383,RETAIL,Grocery
60,FEMALE,MARRIED,1,PDC,,1,CURT,CAVITE,25.0,OWNED,28.0,1.69,3.103,MANUFACTURING,DRESS SHOP
37,FEMALE,MARRIED,3,PDC,,1,CURT,CAVITE,5.0,OWNED,10.0,2.53,3.0,WHOLESALE/RETAIL,Grocery
55,FEMALE,SEPARATED,0,PDC,,1,CURT,CAVITE,10.0,OWNED,14.0,1.25,12.0,Retail,RTW
45,MALE,SEPARATED,1,WALK-IN,,2,CURT,CAVITE,5.0,OWNED,5.0,4.85,2.1390000000000002,SERVICES,Canteen
39,MALE,SINGLE,3,WALK-IN,,1,CURT,CAVITE,3.0,OWNED,10.0,2.24,0.727,WHOLESALE/RETAIL,VEGETABLES
51,FEMALE,MARRIED,3,PDC,,2,CURT,CAVITE,10.0,OWNED,14.0,1.24,18.713,Manufacturing & Trading,Metal Fabrication
45,FEMALE,MARRIED,3,PDC,,1,CURT,CAVITE,6.0,MORTGAGED,6.0,4.21,0.562,SERVICES,Carinderia
55,FEMALE,MARRIED,0,PDC,,1,CURT,CAVITE,9.0,OWNED,20.0,3.37,1.224,SERVICES,Canteen
35,MALE,SINGLE,0,PDC,,2,CURT,CAVITE,6.0,OWNED,5.0,6.67,7.5760000000000005,RETAIL,Chemical & Lubricant
32,FEMALE,SINGLE,0,PDC,,1,CURT,CAVITE,5.0,OWNED,25.0,4.05,10.36,Retail,Gift shop & RTW
47,FEMALE,SINGLE,0,PDC,"14,643.46",2,PDNP,CAVITE,9.0,RENTED,9.0,9.23,5.315,SERVICES,EATERY
45,FEMALE,MARRIED,6,WALK-IN,"11,613.96",2,PDNP,CAVITE,24.0,OWNED,3.0,1.13,2.0,Wholesale & Retail,Fruits & Vegetable
59,FEMALE,MARRIED,1,PDC,,2,CURT,CAVITE,9.0,OWNED,16.0,2.64,1.625,Wholesale & Retail,Water Station
35,MALE,MARRIED,1,PDC,,1,CURT,CAVITE,5.0,OWNED,9.0,1.3,1.4169999999999998,Wholesale & Retail,Grocery
29,MALE,MARRIED,2,PDC,,1,CURT,CAVITE,9.0,SHARED/BORROWED,24.0,4.67,4.601,SERVICES,Advertising
40,MALE,MARRIED,2,PDC,"75,354.06",1,PDNP,CAVITE,9.0,OWNED,40.0,1.0,8.963,SERVICES,Printing Services
41,FEMALE,SINGLE,3,PDC,,1,CURT,CAVITE,6.0,OWNED,11.0,4.01,2.616,SERVICES,Apartment
40,FEMALE,MARRIED,2,PDC,,1,CURT,CAVITE,13.0,RENTED,11.0,0.81,0.9,RETAIL,VEGETABLES
43,FEMALE,SINGLE,2,PDC,"5,839.71",1,PDNP,CAVITE,13.0,SHARED/BORROWED,13.0,3.79,5.734,SERVICES,Vulcanizing
39,FEMALE,SINGLE,3,WALK-IN,,2,CURT,CAVITE,5.0,OWNED,39.0,0.35,1.4669999999999999,SERVICES,Printing
31,MALE,MARRIED,2,PDC,"27,325.87",1,PDNP,CAVITE,5.0,RENTED,5.0,9.92,1.099,Retail,VEGETABLES
51,FEMALE,SINGLE,1,PDC,"46,648.60",1,PDNP,CAVITE,4.0,RENTED,4.0,2.26,10.007,Wholesale & Retail,RTW
37,FEMALE,SEPARATED,3,PDC,,2,CURT,CAVITE,5.0,OWNED,12.0,6.57,2.344,Retail,Meatshop & Sari sari Store
40,MALE,MARRIED,3,WALK-IN,"25,917.04",1,PDNP,CAVITE,10.0,OWNED,17.0,2.3,2.452,Retail,Rice
47,MALE,MARRIED,4,WALK-IN,,1,CURT,CAVITE,15.0,OWNED,15.0,1.1,1.643,RETAIL,COCONUT
37,FEMALE,MARRIED,1,PDC,,1,CURT,CAVITE,6.0,OWNED,11.0,0.65,1.837,Wholesale & Retail,"Meatshop, Frozen Meat & Vegetable"
48,FEMALE,SINGLE,3,PDC,,2,CURT,CAVITE,12.0,RENTED,3.0,2.38,4.444,Manufacturing,Lumpia Wrapper
36,FEMALE,MARRIED,4,WALK-IN,,2,CURT,CAVITE,30.0,OWNED,34.0,0.99,1.44,Wholesale & Retail,Meatshop
36,MALE,MARRIED,2,WALK-IN,,1,CURT,CAVITE,8.0,OWNED,8.0,4.09,1.611,Retail & Services,"Fish, Vegetable & Eatery"
47,FEMALE,MARRIED,5,WALK-IN,"10,507.67",1,PDNP,CAVITE,6.0,MORTGAGED,6.0,4.84,5.228,Retail,RTW
54,FEMALE,MARRIED,2,PDC,"12,339.66",2,PDNP,CAVITE,30.0,OWNED,35.0,2.75,1.475,Retail,Fruits & Vegetable
32,FEMALE,SEPARATED,2,WALK-IN,,1,CURT,CAVITE,7.0,RENTED,8.0,2.1,7.553999999999999,SERVICES,EATERY
34,FEMALE,SEPARATED,3,WALK-IN,"14,610.90",1,PDNP,PASIG,7.0,SHARED/BORROWED,34.0,1.33,0.887,SERVICES,CARINDERIA
48,MALE,SINGLE,2,PDC,"74,641.67",5,PDNP,PASIG,40.0,OWNED,48.0,1.3,1.62,SERVICES,GASOLINE STATION
34,FEMALE,SINGLE,2,WALK-IN,1.00,1,PDNP,ANB,3.0,SHARED/BORROWED,6.0,1.19,,RETAIL,ACCESSORIES
42,MALE,MARRIED,3,WALK-IN,1.00,4,PDNP,ANB,4.0,OWNED,6.0,5.09,,RETAIL,SARI SARI STORE
24,FEMALE,SINGLE,2,WALK-IN,"15,974.67",1,PDNP,PASIG,13.0,SHARED/BORROWED,24.0,1.07,1.0270000000000001,RETAIL,VEGETABLE RETAIL
40,FEMALE,SINGLE,1,WALK-IN,"30,825.49",4,PDNP,PASIG,8.0,OWNED,8.0,0.54,0.303,RETAIL,SARI SARI STORE
51,FEMALE,MARRIED,2,WALK-IN,"4,794.09",6,PDNP,PASIG,7.0,RENTED,7.0,4.83,2.001,RETAIL,RTW
58,MALE,MARRIED,2,WALK-IN,"12,127.08",5,PDNP,PASIG,17.0,SHARED/BORROWED,7.0,2.14,2.193,SERVICES,JUNKSHOP
44,MALE,MARRIED,2,PDC,"13,980.79",3,PDNP,PASIG,14.0,RENTED,14.0,1.84,1.5319999999999998,RETAIL,VEGETABLE RETAIL
43,FEMALE,SINGLE,1,WALK-IN,1.00,5,PDNP,ANB,13.0,OWNED,13.0,2.38,1.5859999999999999,RETAIL,RTW
41,FEMALE,MARRIED,3,WALK-IN,1.00,6,PDNP,ANB,9.0,OWNED,20.0,6.36,,RETAIL,VEGETABLE RETAIL
28,FEMALE,MARRIED,1,WALK-IN,1.00,7,PDNP,ANB,3.0,RENTED,3.0,1.17,,RETAIL,SARI SARI STORE
48,MALE,MARRIED,2,AUTO-DEBIT,1.00,2,PDNP,ANB,3.0,OWNED,3.0,2.63,0.9690000000000001,RETAIL,HARDWARE
38,FEMALE,SEPARATED,1,AUTO-DEBIT,1.00,10,PDNP,ANB,38.0,OWNED,38.0,1.06,0.337,RETAIL,CHICKEN RETAILER
46,FEMALE,MARRIED,0,WALK-IN,"28,008.31",1,PDNP,PASIG,3.0,RENTED,10.0,0.94,1.207,SERVICES,VIDEO AND PHOTOGRAPHY
